ISO 8601 Time,Yaw (degrees),Pitch (degrees),Roll (degrees)
2021-04-09T08:36:41.000,26.44,77.51,90.66
2021-04-09T08:36:41.062,27.11,75.52,91.95
2021-04-09T08:36:41.125,26.11,73.61,91.23
2021-04-09T08:36:41.187,25.44,74.61,90.22
2021-04-09T08:36:41.250,5.02,81.24,65.91
2021-04-09T08:36:41.312,30.55,75.90,95.83
2021-04-09T08:36:41.375,27.37,77.83,91.62
2021-04-09T08:36:41.437,26.32,77.52,90.51
2021-04-09T08:36:41.500,27.33,75.36,92.24
2021-04-09T08:36:41.562,26.04,77.40,90.23
2021-04-09T08:36:41.625,27.76,76.45,92.45
2021-04-09T08:36:41.687,26.97,74.67,91.99
2021-04-09T08:36:41.750,27.07,76.47,91.65
2021-04-09T08:36:41.812,-15.64,80.36,42.84
2021-04-09T08:36:41.875,23.11,73.12,87.79
2021-04-09T08:36:41.937,-80.13,75.49,-31.16
2021-04-09T08:36:42.000,-23.20,88.52,36.69
2021-04-09T08:36:42.062,56.10,82.97,120.90
2021-04-09T08:36:42.125,25.89,82.73,88.58
2021-04-09T08:36:42.187,2.55,83.26,63.11
2021-04-09T08:36:42.250,41.41,72.41,109.73
2021-04-09T08:36:42.312,57.01,70.10,129.43
2021-04-09T08:36:42.375,57.82,71.76,129.44
2021-04-09T08:36:42.437,75.43,71.30,150.06
2021-04-09T08:36:42.500,62.54,70.48,135.78
2021-04-09T08:36:42.562,40.48,49.28,115.08
2021-04-09T08:36:42.625,30.41,68.27,97.67
2021-04-09T08:36:42.687,28.50,74.03,93.95
2021-04-09T08:36:42.750,29.97,76.88,94.87
2021-04-09T08:36:42.812,27.80,76.75,92.42
2021-04-09T08:36:42.875,34.86,81.84,98.64
2021-04-09T08:36:42.937,26.04,65.92,92.71
2021-04-09T08:36:43.000,31.08,70.51,97.95
2021-04-09T08:36:43.062,46.39,85.96,108.99
2021-04-09T08:36:43.125,19.12,81.86,81.40
2021-04-09T08:36:43.187,26.22,66.08,92.91
2021-04-09T08:36:43.250,30.89,84.49,93.36
2021-04-09T08:36:43.312,40.87,85.72,103.36
2021-04-09T08:36:43.375,25.78,67.18,92.17
2021-04-09T08:36:43.437,26.75,75.23,91.60
2021-04-09T08:36:43.500,46.33,86.11,108.84
2021-04-09T08:36:43.562,26.31,67.35,92.79
2021-04-09T08:36:43.625,49.68,86.42,112.14
2021-04-09T08:36:43.687,28.75,66.82,95.93
2021-04-09T08:36:43.750,45.76,86.72,107.93
2021-04-09T08:36:43.812,29.64,75.48,94.89
2021-04-09T08:36:43.875,28.57,71.84,94.59
2021-04-09T08:36:43.937,29.04,76.36,93.95
2021-04-09T08:36:44.000,29.98,78.18,94.49
2021-04-09T08:36:44.062,11.91,84.43,73.11
2021-04-09T08:36:44.125,33.54,66.22,102.06
2021-04-09T08:36:44.187,2.83,71.73,63.74
2021-04-09T08:36:44.250,23.20,72.47,88.02
2021-04-09T08:36:44.312,42.64,70.48,111.95
2021-04-09T08:36:44.375,54.23,73.57,124.25
2021-04-09T08:36:44.437,29.82,72.02,96.04
2021-04-09T08:36:44.500,20.92,51.87,87.44
2021-04-09T08:36:44.562,23.62,69.37,89.11
2021-04-09T08:36:44.625,19.94,79.18,82.88
2021-04-09T08:36:44.687,164.21,82.60,-133.72
2021-04-09T08:36:44.750,35.92,83.17,99.26
2021-04-09T08:36:44.812,26.81,62.47,94.24
2021-04-09T08:36:44.875,34.34,81.91,98.05
2021-04-09T08:36:44.937,27.20,78.33,91.29
2021-04-09T08:36:45.000,31.83,80.11,95.94
2021-04-09T08:36:45.062,29.98,75.82,95.20
2021-04-09T08:36:45.125,29.99,77.26,94.78
2021-04-09T08:36:45.187,29.68,75.72,94.87
2021-04-09T08:36:45.250,30.68,75.95,95.96
2021-04-09T08:36:45.312,29.30,76.75,94.14
2021-04-09T08:36:45.375,29.23,75.49,94.41
2021-04-09T08:36:45.437,29.91,76.52,94.91
2021-04-09T08:36:45.500,30.58,76.78,95.61
2021-04-09T08:36:45.562,29.48,75.15,94.80
2021-04-09T08:36:45.625,30.16,76.91,95.08
2021-04-09T08:36:45.687,29.84,75.72,95.06
2021-04-09T08:36:45.750,29.60,76.46,94.58
2021-04-09T08:36:45.812,54.28,84.35,118.15
2021-04-09T08:36:45.875,14.84,76.34,77.55
2021-04-09T08:36:45.937,26.35,69.07,92.52
2021-04-09T08:36:46.000,22.14,17.70,85.22
2021-04-09T08:36:46.062,26.92,14.57,90.45
2021-04-09T08:36:46.125,33.38,0.08,92.02
2021-04-09T08:36:46.187,32.10,0.77,90.77
2021-04-09T08:36:46.250,30.51,-4.34,85.64
2021-04-09T08:36:46.312,43.85,-11.51,96.85
2021-04-09T08:36:46.375,37.76,-8.73,90.88
2021-04-09T08:36:46.437,38.05,-8.94,91.07
2021-04-09T08:36:46.500,38.01,-9.19,90.77
2021-04-09T08:36:46.562,38.85,-9.75,91.32
2021-04-09T08:36:46.625,38.18,-9.37,90.82
2021-04-09T08:36:46.687,38.60,-9.57,91.17
2021-04-09T08:36:46.750,38.44,-9.60,90.94
2021-04-09T08:36:46.812,38.41,-9.39,91.10
2021-04-09T08:36:46.875,38.64,-9.78,91.02
2021-04-09T08:36:46.937,38.39,-9.36,91.11
2021-04-09T08:36:47.000,38.45,-9.67,90.87
2021-04-09T08:36:47.062,38.71,-9.64,91.26
2021-04-09T08:36:47.125,38.37,-9.47,90.97
2021-04-09T08:36:47.187,38.63,-9.70,91.09
2021-04-09T08:36:47.250,38.22,-9.33,90.91
2021-04-09T08:36:47.312,38.74,-9.72,91.22
2021-04-09T08:36:47.375,38.35,-9.45,90.96
2021-04-09T08:36:47.437,38.64,-9.74,91.07
2021-04-09T08:36:47.500,38.46,-9.64,90.93
2021-04-09T08:36:47.562,38.53,-9.55,91.10
2021-04-09T08:36:47.625,38.60,-9.71,91.03
2021-04-09T08:36:47.687,38.48,-9.51,91.09
2021-04-09T08:36:47.750,38.38,-9.49,90.96
2021-04-09T08:36:47.812,38.53,-9.52,91.13
2021-04-09T08:36:47.875,38.49,-9.59,91.02
2021-04-09T08:36:47.937,38.56,-9.63,91.07
2021-04-09T08:36:48.000,38.35,-9.47,90.94
2021-04-09T08:36:48.062,38.63,-9.66,91.13
2021-04-09T08:36:48.125,38.50,-9.58,91.04
2021-04-09T08:36:48.187,38.57,-9.68,91.02
2021-04-09T08:36:48.250,38.47,-9.62,90.96
2021-04-09T08:36:48.312,38.50,-9.60,91.02
2021-04-09T08:36:48.375,38.52,-9.63,91.01
2021-04-09T08:36:48.437,38.38,-9.38,91.07
2021-04-09T08:36:48.500,38.62,-9.77,91.01
2021-04-09T08:36:48.562,38.56,-9.66,91.04
2021-04-09T08:36:48.625,38.37,-9.50,90.94
2021-04-09T08:36:48.687,38.47,-9.52,91.05
2021-04-09T08:36:48.750,38.46,-9.48,91.08
2021-04-09T08:36:48.812,38.61,-9.68,91.08
2021-04-09T08:36:48.875,38.48,-9.59,90.99
2021-04-09T08:36:48.937,38.65,-9.72,91.10
2021-04-09T08:36:49.000,38.46,-9.54,91.02
2021-04-09T08:36:49.062,38.53,-9.60,91.05
2021-04-09T08:36:49.125,38.43,-9.46,91.05
2021-04-09T08:36:49.187,38.43,-9.52,91.01
2021-04-09T08:36:49.250,38.41,-9.53,90.97
2021-04-09T08:36:49.312,38.48,-9.55,91.04
2021-04-09T08:36:49.375,38.64,-9.69,91.12
2021-04-09T08:36:49.437,38.41,-9.47,91.02
2021-04-09T08:36:49.500,38.54,-9.63,91.04
2021-04-09T08:36:49.562,38.48,-9.52,91.07
2021-04-09T08:36:49.625,38.40,-9.46,91.02
2021-04-09T08:36:49.687,38.59,-9.63,91.12
2021-04-09T08:36:49.750,38.57,-9.64,91.07
2021-04-09T08:36:49.812,38.62,-9.73,91.05
2021-04-09T08:36:49.875,38.50,-9.60,91.02
2021-04-09T08:36:49.937,38.49,-9.56,91.05
2021-04-09T08:36:50.000,38.61,-9.72,91.05
2021-04-09T08:36:50.062,38.54,-9.53,91.13
2021-04-09T08:36:50.125,38.56,-9.65,91.04
2021-04-09T08:36:50.187,38.44,-9.57,90.96
2021-04-09T08:36:50.250,38.55,-9.55,91.13
2021-04-09T08:36:50.312,38.50,-9.61,91.01
2021-04-09T08:36:50.375,38.62,-9.57,91.21
2021-04-09T08:36:50.437,38.40,-9.54,90.94
2021-04-09T08:36:50.500,38.56,-9.59,91.10
2021-04-09T08:36:50.562,38.38,-9.49,90.96
2021-04-09T08:36:50.625,38.55,-9.58,91.10
2021-04-09T08:36:50.687,38.46,-9.56,91.00
2021-04-09T08:36:50.750,38.57,-9.56,91.15
2021-04-09T08:36:50.812,38.49,-9.70,90.90
2021-04-09T08:36:50.875,38.57,-9.53,91.18
2021-04-09T08:36:50.937,38.53,-9.60,91.05
2021-04-09T08:36:51.000,38.54,-9.61,91.07
2021-04-09T08:36:51.062,38.53,-9.59,91.07
2021-04-09T08:36:51.125,38.64,-9.65,91.15
2021-04-09T08:36:51.187,38.48,-9.61,90.97
2021-04-09T08:36:51.250,38.66,-9.69,91.15
2021-04-09T08:36:51.312,38.49,-9.62,90.99
2021-04-09T08:36:51.375,38.66,-9.73,91.10
2021-04-09T08:36:51.437,38.51,-9.60,91.02
2021-04-09T08:36:51.500,38.56,-9.62,91.08
2021-04-09T08:36:51.562,38.44,-9.55,90.99
2021-04-09T08:36:51.625,38.56,-9.61,91.08
2021-04-09T08:36:51.687,38.49,-9.55,91.05
2021-04-09T08:36:51.750,38.49,-9.52,91.09
2021-04-09T08:36:51.812,38.40,-9.52,90.96
2021-04-09T08:36:51.875,38.50,-9.59,91.02
2021-04-09T08:36:51.937,38.48,-9.63,90.96
2021-04-09T08:36:52.000,38.52,-9.65,90.99
2021-04-09T08:36:52.062,38.40,-9.44,91.04
2021-04-09T08:36:52.125,38.60,-9.67,91.08
2021-04-09T08:36:52.187,38.53,-9.68,90.97
2021-04-09T08:36:52.250,38.56,-9.59,91.12
2021-04-09T08:36:52.312,38.53,-9.62,91.04
2021-04-09T08:36:52.375,38.53,-9.57,91.09
2021-04-09T08:36:52.437,38.64,-9.76,91.05
2021-04-09T08:36:52.500,38.53,-9.54,91.12
2021-04-09T08:36:52.562,38.47,-9.59,90.99
2021-04-09T08:36:52.625,38.69,-9.72,91.15
2021-04-09T08:36:52.687,38.56,-9.62,91.07
2021-04-09T08:36:52.750,38.53,-9.63,91.04
2021-04-09T08:36:52.812,38.49,-9.57,91.04
2021-04-09T08:36:52.875,38.57,-9.71,91.01
2021-04-09T08:36:52.937,38.58,-9.64,91.08
2021-04-09T08:36:53.000,38.57,-9.64,91.07
2021-04-09T08:36:53.062,38.56,-9.69,91.01
2021-04-09T08:36:53.125,38.57,-9.68,91.04
2021-04-09T08:36:53.187,38.56,-9.66,91.04
2021-04-09T08:36:53.250,38.52,-9.64,91.01
2021-04-09T08:36:53.312,38.66,-9.80,91.04
2021-04-09T08:36:53.375,38.52,-9.56,91.08
2021-04-09T08:36:53.437,38.49,-9.55,91.05
2021-04-09T08:36:53.500,38.48,-9.61,90.99
2021-04-09T08:36:53.562,37.93,-9.45,90.41
2021-04-09T08:36:53.625,38.97,-9.87,91.37
2021-04-09T08:36:53.687,38.51,-9.65,90.98
2021-04-09T08:36:53.750,38.64,-9.70,91.10
2021-04-09T08:36:53.812,38.49,-9.76,90.85
2021-04-09T08:36:53.875,38.52,-9.24,91.41
2021-04-09T08:36:53.937,38.69,-9.95,90.93
2021-04-09T08:36:54.000,38.45,-9.34,91.21
2021-04-09T08:36:54.062,38.50,-9.68,90.93
2021-04-09T08:36:54.125,38.79,-9.53,91.48
2021-04-09T08:36:54.187,38.38,-9.53,90.93
2021-04-09T08:36:54.250,38.69,-9.52,91.35
2021-04-09T08:36:54.312,38.58,-9.63,91.09
2021-04-09T08:36:54.375,38.58,-9.49,91.23
2021-04-09T08:36:54.437,38.37,-9.44,91.01
2021-04-09T08:36:54.500,38.80,-9.66,91.37
2021-04-09T08:36:54.562,38.34,-9.31,91.09
2021-04-09T08:36:54.625,39.00,-9.97,91.32
2021-04-09T08:36:54.687,38.30,-9.26,91.08
2021-04-09T08:36:54.750,38.71,-9.70,91.19
2021-04-09T08:36:54.812,38.76,-9.74,91.22
2021-04-09T08:36:54.875,38.54,-9.59,91.08
2021-04-09T08:36:54.937,38.77,-9.85,91.13
2021-04-09T08:36:55.000,38.47,-9.36,91.21
2021-04-09T08:36:55.062,38.78,-9.86,91.13
2021-04-09T08:36:55.125,38.61,-9.61,91.15
2021-04-09T08:36:55.187,38.58,-9.51,91.21
2021-04-09T08:36:55.250,38.89,-9.84,91.30
2021-04-09T08:36:55.312,38.33,-9.29,91.10
2021-04-09T08:36:55.375,38.98,-10.01,91.24
2021-04-09T08:36:55.437,38.46,-9.39,91.18
2021-04-09T08:36:55.500,38.94,-9.97,91.24
2021-04-09T08:36:55.562,38.60,-9.56,91.19
2021-04-09T08:36:55.625,38.49,-9.46,91.15
2021-04-09T08:36:55.687,38.79,-9.74,91.26
2021-04-09T08:36:55.750,38.39,-9.30,91.18
2021-04-09T08:36:55.812,38.88,-9.92,91.21
2021-04-09T08:36:55.875,38.79,-9.66,91.35
2021-04-09T08:36:55.937,38.45,-9.58,90.97
2021-04-09T08:36:56.000,39.10,-9.89,91.54
2021-04-09T08:36:56.062,38.06,-9.15,90.88
2021-04-09T08:36:56.125,39.30,-10.25,91.43
2021-04-09T08:36:56.187,37.85,-8.83,90.92
2021-04-09T08:36:56.250,39.22,-10.19,91.39
2021-04-09T08:36:56.312,38.10,-9.16,90.91
2021-04-09T08:36:56.375,38.84,-9.80,91.27
2021-04-09T08:36:56.437,38.75,-9.86,91.10
2021-04-09T08:36:56.500,38.35,-9.30,91.12
2021-04-09T08:36:56.562,38.88,-10.07,91.05
2021-04-09T08:36:56.625,38.06,-9.03,91.00
2021-04-09T08:36:56.687,38.66,-9.79,91.05
2021-04-09T08:36:56.750,38.59,-9.54,91.20
2021-04-09T08:36:56.812,38.41,-9.59,90.91
2021-04-09T08:36:56.875,38.82,-9.94,91.10
2021-04-09T08:36:56.937,38.23,-9.30,90.96
2021-04-09T08:36:57.000,38.92,-10.01,91.16
2021-04-09T08:36:57.062,38.19,-9.29,90.91
2021-04-09T08:36:57.125,38.71,-9.78,91.12
2021-04-09T08:36:57.187,38.62,-9.75,91.02
2021-04-09T08:36:57.250,38.52,-9.54,91.10
2021-04-09T08:36:57.312,38.55,-9.69,90.99
2021-04-09T08:36:57.375,38.23,-9.30,90.96
2021-04-09T08:36:57.437,38.79,-9.89,91.11
2021-04-09T08:36:57.500,38.33,-9.36,91.04
2021-04-09T08:36:57.562,38.58,-9.72,91.01
2021-04-09T08:36:57.625,38.67,-9.75,91.10
2021-04-09T08:36:57.687,38.58,-9.87,90.87
2021-04-09T08:36:57.750,38.77,-9.91,91.07
2021-04-09T08:36:57.812,38.32,-9.37,91.02
2021-04-09T08:36:57.875,38.65,-9.76,91.07
2021-04-09T08:36:57.937,38.50,-9.58,91.04
2021-04-09T08:36:58.000,38.38,-9.48,90.99
2021-04-09T08:36:58.062,38.53,-9.62,91.04
2021-04-09T08:36:58.125,38.65,-9.20,91.62
2021-04-09T08:36:58.187,38.80,-9.92,91.10
2021-04-09T08:36:58.250,39.25,-10.64,90.96
2021-04-09T08:36:58.312,38.60,-9.67,91.09
2021-04-09T08:36:58.375,38.87,-9.87,91.24
2021-04-09T08:36:58.437,38.70,-9.71,91.18
2021-04-09T08:36:58.500,38.80,-9.88,91.14
2021-04-09T08:36:58.562,38.47,-9.44,91.13
2021-04-09T08:36:58.625,38.68,-9.79,91.07
2021-04-09T08:36:58.687,38.65,-9.65,91.18
2021-04-09T08:36:58.750,38.54,-9.53,91.14
2021-04-09T08:36:58.812,38.71,-9.76,91.15
2021-04-09T08:36:58.875,38.45,-9.47,91.09
2021-04-09T08:36:58.937,38.59,-9.63,91.12
2021-04-09T08:36:59.000,38.56,-9.58,91.12
2021-04-09T08:36:59.062,38.78,-9.75,91.25
2021-04-09T08:36:59.125,38.57,-9.58,91.13
2021-04-09T08:36:59.187,38.62,-9.65,91.13
2021-04-09T08:36:59.250,38.53,-9.58,91.09
2021-04-09T08:36:59.312,38.71,-9.77,91.13
2021-04-09T08:36:59.375,38.59,-9.59,91.15
2021-04-09T08:36:59.437,38.67,-9.72,91.13
2021-04-09T08:36:59.500,38.62,-9.69,91.10
2021-04-09T08:36:59.562,38.73,-9.81,91.12
2021-04-09T08:36:59.625,38.80,-9.89,91.14
2021-04-09T08:36:59.687,38.84,-9.93,91.15
2021-04-09T08:36:59.750,38.62,-9.63,91.16
2021-04-09T08:36:59.812,38.76,-9.71,91.26
2021-04-09T08:36:59.875,38.77,-9.94,91.04
2021-04-09T08:36:59.937,38.91,-9.98,91.18
2021-04-09T08:37:00.000,38.79,-9.87,91.15
2021-04-09T08:37:00.062,38.87,-9.99,91.12
2021-04-09T08:37:00.125,38.91,-10.02,91.14
2021-04-09T08:37:00.187,39.05,-10.06,91.29
2021-04-09T08:37:00.250,38.94,-10.11,91.10
2021-04-09T08:37:00.312,38.94,-10.00,91.21
2021-04-09T08:37:00.375,38.97,-10.06,91.19
2021-04-09T08:37:00.437,38.37,-9.40,91.06
2021-04-09T08:37:00.500,38.87,-9.89,91.22
2021-04-09T08:37:00.562,38.57,-9.41,91.30
2021-04-09T08:37:00.625,38.54,-9.51,91.17
2021-04-09T08:37:00.687,38.73,-9.66,91.27
2021-04-09T08:37:00.750,38.54,-9.49,91.19
2021-04-09T08:37:00.812,38.90,-9.93,91.23
2021-04-09T08:37:00.875,38.60,-9.68,91.09
2021-04-09T08:37:00.937,38.80,-9.79,91.23
2021-04-09T08:37:01.000,38.62,-9.62,91.16
2021-04-09T08:37:01.062,38.74,-9.66,91.29
2021-04-09T08:37:01.125,38.68,-9.67,91.19
2021-04-09T08:37:01.187,38.68,-9.69,91.18
2021-04-09T08:37:01.250,38.75,-9.79,91.18
2021-04-09T08:37:01.312,38.67,-9.72,91.13
2021-04-09T08:37:01.375,38.68,-9.70,91.16
2021-04-09T08:37:01.437,38.75,-9.60,91.36
2021-04-09T08:37:01.500,38.58,-9.57,91.16
2021-04-09T08:37:01.562,38.70,-9.69,91.19
2021-04-09T08:37:01.625,38.74,-9.64,91.30
2021-04-09T08:37:01.687,38.67,-9.59,91.26
2021-04-09T08:37:01.750,38.76,-9.78,91.19
2021-04-09T08:37:01.812,38.68,-9.66,91.21
2021-04-09T08:37:01.875,38.71,-9.71,91.19
2021-04-09T08:37:01.937,38.73,-9.70,91.23
2021-04-09T08:37:02.000,38.65,-9.61,91.21
2021-04-09T08:37:02.062,38.68,-9.67,91.19
2021-04-09T08:37:02.125,38.71,-9.71,91.20
2021-04-09T08:37:02.187,38.66,-9.67,91.16
2021-04-09T08:37:02.250,38.68,-9.67,91.20
2021-04-09T08:37:02.312,38.67,-9.64,91.21
2021-04-09T08:37:02.375,38.48,-9.43,91.16
2021-04-09T08:37:02.437,38.63,-9.69,91.10
2021-04-09T08:37:02.500,38.53,-9.55,91.12
2021-04-09T08:37:02.562,38.75,-9.75,91.21
2021-04-09T08:37:02.625,38.63,-9.61,91.18
2021-04-09T08:37:02.687,38.62,-9.60,91.18
2021-04-09T08:37:02.750,38.69,-9.63,91.24
2021-04-09T08:37:02.812,38.76,-9.69,91.27
2021-04-09T08:37:02.875,38.59,-9.65,91.10
2021-04-09T08:37:02.937,38.68,-9.66,91.21
2021-04-09T08:37:03.000,38.66,-9.68,91.16
2021-04-09T08:37:03.062,38.62,-9.55,91.23
2021-04-09T08:37:03.125,38.70,-9.69,91.19
2021-04-09T08:37:03.187,38.69,-9.67,91.21
2021-04-09T08:37:03.250,38.71,-9.61,91.29
2021-04-09T08:37:03.312,38.68,-9.64,91.23
2021-04-09T08:37:03.375,38.66,-9.65,91.19
2021-04-09T08:37:03.437,38.64,-9.62,91.19
2021-04-09T08:37:03.500,38.66,-9.60,91.24
2021-04-09T08:37:03.562,38.65,-9.64,91.18
2021-04-09T08:37:03.625,38.70,-9.63,91.27
2021-04-09T08:37:03.687,38.63,-9.67,91.13
2021-04-09T08:37:03.750,38.65,-9.63,91.19
2021-04-09T08:37:03.812,38.74,-9.75,91.20
2021-04-09T08:37:03.875,38.65,-9.66,91.16
2021-04-09T08:37:03.937,38.66,-9.56,91.27
2021-04-09T08:37:04.000,38.72,-9.74,91.18
2021-04-09T08:37:04.062,38.61,-9.64,91.13
2021-04-09T08:37:04.125,38.76,-9.76,91.21
2021-04-09T08:37:04.187,38.62,-9.66,91.13
2021-04-09T08:37:04.250,38.80,-9.72,91.30
2021-04-09T08:37:04.312,38.76,-9.74,91.24
2021-04-09T08:37:04.375,38.66,-9.63,91.21
2021-04-09T08:37:04.437,38.62,-9.69,91.10
2021-04-09T08:37:04.500,38.70,-9.70,91.19
2021-04-09T08:37:04.562,38.70,-9.68,91.21
2021-04-09T08:37:04.625,38.61,-9.63,91.15
2021-04-09T08:37:04.687,38.65,-9.64,91.18
2021-04-09T08:37:04.750,38.64,-9.66,91.15
2021-04-09T08:37:04.812,38.74,-9.69,91.26
2021-04-09T08:37:04.875,38.73,-9.74,91.19
2021-04-09T08:37:04.937,38.62,-9.57,91.21
2021-04-09T08:37:05.000,38.79,-9.77,91.24
2021-04-09T08:37:05.062,38.72,-9.59,91.32
2021-04-09T08:37:05.125,38.59,-9.60,91.15
2021-04-09T08:37:05.187,38.65,-9.69,91.13
2021-04-09T08:37:05.250,38.64,-9.67,91.15
2021-04-09T08:37:05.312,38.61,-9.68,91.10
2021-04-09T08:37:05.375,38.77,-9.69,91.31
2021-04-09T08:37:05.437,38.76,-9.84,91.13
2021-04-09T08:37:05.500,38.72,-9.68,91.24
2021-04-09T08:37:05.562,38.74,-9.70,91.24
2021-04-09T08:37:05.625,38.85,-9.84,91.26
2021-04-09T08:37:05.687,38.66,-9.61,91.23
2021-04-09T08:37:05.750,38.80,-9.77,91.26
2021-04-09T08:37:05.812,38.74,-9.69,91.26
2021-04-09T08:37:05.875,38.77,-9.77,91.23
2021-04-09T08:37:05.937,38.64,-9.62,91.20
2021-04-09T08:37:06.000,38.81,-9.76,91.27
2021-04-09T08:37:06.062,38.73,-9.71,91.23
2021-04-09T08:37:06.125,38.70,-9.71,91.18
2021-04-09T08:37:06.187,38.71,-9.75,91.16
2021-04-09T08:37:06.250,38.68,-9.64,91.23
2021-04-09T08:37:06.312,38.78,-9.72,91.27
2021-04-09T08:37:06.375,38.68,-9.68,91.19
2021-04-09T08:37:06.437,38.80,-9.82,91.21
2021-04-09T08:37:06.500,38.68,-9.63,91.24
2021-04-09T08:37:06.562,38.61,-9.58,91.20
2021-04-09T08:37:06.625,38.81,-9.81,91.23
2021-04-09T08:37:06.687,38.61,-9.71,91.07
2021-04-09T08:37:06.750,38.79,-9.71,91.30
2021-04-09T08:37:06.812,38.68,-9.71,91.16
2021-04-09T08:37:06.875,38.77,-9.78,91.21
2021-04-09T08:37:06.937,38.63,-9.56,91.24
2021-04-09T08:37:07.000,38.69,-9.67,91.21
2021-04-09T08:37:07.062,38.68,-9.64,91.23
2021-04-09T08:37:07.125,38.73,-9.70,91.24
2021-04-09T08:37:07.187,38.72,-9.74,91.18
2021-04-09T08:37:07.250,38.79,-9.76,91.26
2021-04-09T08:37:07.312,38.76,-9.69,91.29
2021-04-09T08:37:07.375,38.71,-9.69,91.21
2021-04-09T08:37:07.437,38.69,-9.66,91.23
2021-04-09T08:37:07.500,38.70,-9.75,91.15
2021-04-09T08:37:07.562,38.70,-9.67,91.23
2021-04-09T08:37:07.625,38.67,-9.73,91.13
2021-04-09T08:37:07.687,38.69,-9.74,91.13
2021-04-09T08:37:07.750,38.77,-9.78,91.21
2021-04-09T08:37:07.812,38.68,-9.70,91.16
2021-04-09T08:37:07.875,38.74,-9.80,91.15
2021-04-09T08:37:07.937,38.61,-9.58,91.20
2021-04-09T08:37:08.000,38.68,-9.63,91.24
2021-04-09T08:37:08.062,38.69,-9.63,91.24
2021-04-09T08:37:08.125,38.68,-9.66,91.21
2021-04-09T08:37:08.187,38.76,-9.81,91.16
2021-04-09T08:37:08.250,38.59,-9.60,91.15
2021-04-09T08:37:08.312,38.79,-9.77,91.24
2021-04-09T08:37:08.375,38.73,-9.75,91.18
2021-04-09T08:37:08.437,38.73,-9.74,91.19
2021-04-09T08:37:08.500,38.61,-9.57,91.21
2021-04-09T08:37:08.562,38.73,-9.75,91.18
2021-04-09T08:37:08.625,38.74,-9.74,91.21
2021-04-09T08:37:08.687,38.69,-9.67,91.21
2021-04-09T08:37:08.750,38.71,-9.70,91.21
2021-04-09T08:37:08.812,38.74,-9.66,91.29
2021-04-09T08:37:08.875,38.48,-9.45,91.15
2021-04-09T08:37:08.937,38.74,-9.74,91.21
2021-04-09T08:37:09.000,38.68,-9.67,91.19
2021-04-09T08:37:09.062,38.84,-9.78,91.30
2021-04-09T08:37:09.125,38.67,-9.65,91.21
2021-04-09T08:37:09.187,38.69,-9.68,91.21
2021-04-09T08:37:09.250,38.68,-9.72,91.15
2021-04-09T08:37:09.312,38.70,-9.69,91.21
2021-04-09T08:37:09.375,38.77,-9.78,91.21
2021-04-09T08:37:09.437,38.65,-9.60,91.23
2021-04-09T08:37:09.500,38.77,-9.81,91.18
2021-04-09T08:37:09.562,38.77,-9.68,91.31
2021-04-09T08:37:09.625,38.68,-9.63,91.24
2021-04-09T08:37:09.687,38.68,-9.75,91.12
2021-04-09T08:37:09.750,38.76,-9.73,91.24
2021-04-09T08:37:09.812,38.60,-9.62,91.13
2021-04-09T08:37:09.875,38.71,-9.66,91.24
2021-04-09T08:37:09.937,38.72,-9.68,91.24
2021-04-09T08:37:10.000,38.71,-9.72,91.19
2021-04-09T08:37:10.062,38.65,-9.66,91.18
2021-04-09T08:37:10.125,38.74,-9.79,91.16
2021-04-09T08:37:10.187,38.66,-9.63,91.21
2021-04-09T08:37:10.250,38.80,-9.87,91.16
2021-04-09T08:37:10.312,38.67,-9.65,91.21
2021-04-09T08:37:10.375,38.70,-9.70,91.19
2021-04-09T08:37:10.437,38.67,-9.64,91.21
2021-04-09T08:37:10.500,38.80,-9.81,91.22
2021-04-09T08:37:10.562,38.67,-9.67,91.19
2021-04-09T08:37:10.625,38.58,-9.64,91.10
2021-04-09T08:37:10.687,38.78,-9.73,91.27
2021-04-09T08:37:10.750,38.64,-9.60,91.21
2021-04-09T08:37:10.812,38.73,-9.73,91.21
2021-04-09T08:37:10.875,38.67,-9.65,91.21
2021-04-09T08:37:10.937,38.73,-9.72,91.23
2021-04-09T08:37:11.000,38.64,-9.57,91.24
2021-04-09T08:37:11.062,38.71,-9.69,91.23
2021-04-09T08:37:11.125,38.75,-9.69,91.27
2021-04-09T08:37:11.187,38.72,-9.75,91.18
2021-04-09T08:37:11.250,38.71,-9.67,91.24
2021-04-09T08:37:11.312,38.74,-9.70,91.24
2021-04-09T08:37:11.375,38.78,-9.68,91.32
2021-04-09T08:37:11.437,38.73,-9.77,91.16
2021-04-09T08:37:11.500,38.71,-9.62,91.29
2021-04-09T08:37:11.562,38.63,-9.77,91.04
2021-04-09T08:37:11.625,38.60,-9.57,91.19
2021-04-09T08:37:11.687,38.66,-9.77,91.07
2021-04-09T08:37:11.750,38.70,-9.65,91.24
2021-04-09T08:37:11.812,38.54,-9.58,91.10
2021-04-09T08:37:11.875,38.63,-9.59,91.21
2021-04-09T08:37:11.937,38.73,-9.72,91.22
2021-04-09T08:37:12.000,38.80,-9.87,91.16
2021-04-09T08:37:12.062,38.78,-9.80,91.21
2021-04-09T08:37:12.125,38.65,-9.69,91.13
2021-04-09T08:37:12.187,38.69,-9.73,91.16
2021-04-09T08:37:12.250,38.74,-9.70,91.26
2021-04-09T08:37:12.312,38.68,-9.61,91.26
2021-04-09T08:37:12.375,38.72,-9.67,91.26
2021-04-09T08:37:12.437,38.67,-9.72,91.13
2021-04-09T08:37:12.500,38.75,-9.70,91.26
2021-04-09T08:37:12.562,38.80,-9.88,91.15
2021-04-09T08:37:12.625,38.66,-9.62,91.23
2021-04-09T08:37:12.687,38.85,-9.88,91.21
2021-04-09T08:37:12.750,38.61,-9.65,91.13
2021-04-09T08:37:12.812,38.75,-9.70,91.26
2021-04-09T08:37:12.875,38.67,-9.61,91.24
2021-04-09T08:37:12.937,38.54,-9.57,91.12
2021-04-09T08:37:13.000,38.77,-9.76,91.23
2021-04-09T08:37:13.062,38.68,-9.72,91.15
2021-04-09T08:37:13.125,38.74,-9.76,91.19
2021-04-09T08:37:13.187,38.74,-9.82,91.13
2021-04-09T08:37:13.250,38.61,-9.67,91.10
2021-04-09T08:37:13.312,38.67,-9.74,91.12
2021-04-09T08:37:13.375,38.70,-9.67,91.23
2021-04-09T08:37:13.437,38.74,-9.72,91.23
2021-04-09T08:37:13.500,38.71,-9.67,91.24
2021-04-09T08:37:13.562,38.67,-9.68,91.18
2021-04-09T08:37:13.625,38.55,-9.52,91.18
2021-04-09T08:37:13.687,38.69,-9.70,91.18
2021-04-09T08:37:13.750,38.63,-9.73,91.07
2021-04-09T08:37:13.812,38.62,-9.69,91.10
2021-04-09T08:37:13.875,38.61,-9.65,91.13
2021-04-09T08:37:13.937,38.72,-9.68,91.24
2021-04-09T08:37:14.000,38.73,-9.75,91.20
2021-04-09T08:37:14.062,38.63,-9.62,91.18
2021-04-09T08:37:14.125,38.62,-9.61,91.18
2021-04-09T08:37:14.187,38.75,-9.73,91.23
2021-04-09T08:37:14.250,38.68,-9.69,91.18
2021-04-09T08:37:14.312,38.82,-9.92,91.13
2021-04-09T08:37:14.375,38.68,-9.70,91.17
2021-04-09T08:37:14.437,38.52,-9.46,91.19
2021-04-09T08:37:14.500,38.76,-9.77,91.21
2021-04-09T08:37:14.562,38.63,-9.67,91.13
2021-04-09T08:37:14.625,38.68,-9.70,91.18
2021-04-09T08:37:14.687,38.87,-9.90,91.22
2021-04-09T08:37:14.750,38.68,-9.70,91.17
2021-04-09T08:37:14.812,38.90,-10.00,91.16
2021-04-09T08:37:14.875,38.79,-9.73,91.29
2021-04-09T08:37:14.937,38.91,-9.98,91.20
2021-04-09T08:37:15.000,38.74,-9.74,91.21
2021-04-09T08:37:15.062,38.85,-9.87,91.23
2021-04-09T08:37:15.125,38.81,-9.84,91.21
2021-04-09T08:37:15.187,38.71,-9.69,91.23
2021-04-09T08:37:15.250,38.78,-9.87,91.13
2021-04-09T08:37:15.312,38.77,-9.78,91.21
2021-04-09T08:37:15.375,38.74,-9.75,91.21
2021-04-09T08:37:15.437,38.74,-9.75,91.19
2021-04-09T08:37:15.500,38.77,-9.74,91.26
2021-04-09T08:37:15.562,38.72,-9.72,91.21
2021-04-09T08:37:15.625,38.71,-9.66,91.24
2021-04-09T08:37:15.687,38.84,-9.87,91.22
2021-04-09T08:37:15.750,38.69,-9.71,91.18
2021-04-09T08:37:15.812,38.70,-9.65,91.24
2021-04-09T08:37:15.875,38.62,-9.59,91.20
2021-04-09T08:37:15.937,38.67,-9.64,91.22
2021-04-09T08:37:16.000,38.67,-9.64,91.21
2021-04-09T08:37:16.062,38.75,-9.72,91.24
2021-04-09T08:37:16.125,38.72,-9.68,91.24
2021-04-09T08:37:16.187,38.62,-9.60,91.20
2021-04-09T08:37:16.250,38.62,-9.63,91.16
2021-04-09T08:37:16.312,38.70,-9.64,91.26
2021-04-09T08:37:16.375,38.55,-9.50,91.19
2021-04-09T08:37:16.437,38.69,-9.66,91.23
2021-04-09T08:37:16.500,38.52,-9.46,91.19
2021-04-09T08:37:16.562,38.72,-9.63,91.30
2021-04-09T08:37:16.625,38.67,-9.67,91.19
2021-04-09T08:37:16.687,38.44,-9.40,91.15
2021-04-09T08:37:16.750,38.53,-9.51,91.16
2021-04-09T08:37:16.812,38.10,-8.95,91.13
2021-04-09T08:37:16.875,38.12,-8.99,91.12
2021-04-09T08:37:16.937,38.74,-9.76,91.19
2021-04-09T08:37:17.000,37.89,-8.54,91.25
2021-04-09T08:37:17.062,38.37,-9.31,91.15
2021-04-09T08:37:17.125,39.02,-9.66,91.67
2021-04-09T08:37:17.187,30.43,5.99,91.52
2021-04-09T08:37:17.250,28.62,12.55,92.03
2021-04-09T08:37:17.312,28.42,11.32,91.26
2021-04-09T08:37:17.375,27.85,13.87,91.48
2021-04-09T08:37:17.437,26.99,17.52,91.55
2021-04-09T08:37:17.500,26.10,22.36,91.69
2021-04-09T08:37:17.562,25.61,24.45,91.50
2021-04-09T08:37:17.625,24.81,29.82,91.44
2021-04-09T08:37:17.687,25.04,29.46,91.69
2021-04-09T08:37:17.750,25.24,30.15,92.09
2021-04-09T08:37:17.812,24.52,31.95,91.36
2021-04-09T08:37:17.875,24.63,33.42,91.72
2021-04-09T08:37:17.937,24.91,33.91,92.16
2021-04-09T08:37:18.000,24.49,37.42,91.95
2021-04-09T08:37:18.062,25.29,37.32,93.05
2021-04-09T08:37:18.125,24.11,36.87,91.37
2021-04-09T08:37:18.187,24.15,39.12,91.61
2021-04-09T08:37:18.250,24.25,43.07,91.96
2021-04-09T08:37:18.312,24.19,42.48,91.86
2021-04-09T08:37:18.375,24.35,44.32,92.14
2021-04-09T08:37:18.437,24.31,44.43,92.09
2021-04-09T08:37:18.500,24.24,45.10,92.00
2021-04-09T08:37:18.562,24.42,45.64,92.26
2021-04-09T08:37:18.625,24.20,42.65,91.88
2021-04-09T08:37:18.687,24.64,36.94,92.12
2021-04-09T08:37:18.750,25.28,19.51,89.81
2021-04-09T08:37:18.812,30.40,6.02,91.49
2021-04-09T08:37:18.875,29.01,10.38,91.67
2021-04-09T08:37:18.937,28.35,11.87,91.39
2021-04-09T08:37:19.000,29.80,7.11,91.25
2021-04-09T08:37:19.062,29.99,6.77,91.33
2021-04-09T08:37:19.125,29.54,8.25,91.43
2021-04-09T08:37:19.187,28.73,10.86,91.49
2021-04-09T08:37:19.250,29.24,9.35,91.53
2021-04-09T08:37:19.312,30.19,8.08,92.23
2021-04-09T08:37:19.375,29.48,8.56,91.49
2021-04-09T08:37:19.437,28.87,10.27,91.42
2021-04-09T08:37:19.500,28.77,10.30,91.31
2021-04-09T08:37:19.562,28.71,11.25,91.62
2021-04-09T08:37:19.625,28.68,12.60,92.12
2021-04-09T08:37:19.687,27.06,17.55,91.65
2021-04-09T08:37:19.750,28.40,11.64,91.36
2021-04-09T08:37:19.812,27.57,16.76,92.10
2021-04-09T08:37:19.875,27.00,17.62,91.59
2021-04-09T08:37:19.937,26.35,19.20,91.18
2021-04-09T08:37:20.000,26.22,19.78,91.17
2021-04-09T08:37:20.062,26.29,21.07,91.61
2021-04-09T08:37:20.125,26.23,22.28,91.85
2021-04-09T08:37:20.187,25.95,23.99,91.87
2021-04-09T08:37:20.250,25.58,25.05,91.60
2021-04-09T08:37:20.312,25.90,22.27,91.38
2021-04-09T08:37:20.375,25.68,25.69,91.86
2021-04-09T08:37:20.437,25.76,24.92,91.82
2021-04-09T08:37:20.500,25.83,26.59,92.27
2021-04-09T08:37:20.562,24.96,27.26,91.18
2021-04-09T08:37:20.625,25.75,26.73,92.18
2021-04-09T08:37:20.687,24.53,32.73,91.48
2021-04-09T08:37:20.750,24.96,31.42,91.90
2021-04-09T08:37:20.812,24.79,31.32,91.65
2021-04-09T08:37:20.875,24.85,32.19,91.85
2021-04-09T08:37:20.937,25.01,31.58,91.99
2021-04-09T08:37:21.000,24.85,32.48,91.89
2021-04-09T08:37:21.062,24.86,32.35,91.89
2021-04-09T08:37:21.125,24.83,32.28,91.85
2021-04-09T08:37:21.187,24.90,32.15,91.92
2021-04-09T08:37:21.250,24.99,31.56,91.96
2021-04-09T08:37:21.312,24.96,31.93,91.97
2021-04-09T08:37:21.375,24.94,31.36,91.86
2021-04-09T08:37:21.437,24.94,31.11,91.83
2021-04-09T08:37:21.500,25.08,30.63,91.95
2021-04-09T08:37:21.562,25.15,30.09,91.95
2021-04-09T08:37:21.625,25.18,29.49,91.90
2021-04-09T08:37:21.687,25.09,29.60,91.79
2021-04-09T08:37:21.750,25.25,28.90,91.90
2021-04-09T08:37:21.812,25.23,28.63,91.82
2021-04-09T08:37:21.875,25.27,27.69,91.70
2021-04-09T08:37:21.937,25.39,27.58,91.84
2021-04-09T08:37:22.000,25.41,27.69,91.90
2021-04-09T08:37:22.062,25.30,27.44,91.70
2021-04-09T08:37:22.125,25.44,27.18,91.84
2021-04-09T08:37:22.187,25.38,27.35,91.79
2021-04-09T08:37:22.250,25.45,27.23,91.87
2021-04-09T08:37:22.312,25.41,27.37,91.84
2021-04-09T08:37:22.375,25.42,27.28,91.84
2021-04-09T08:37:22.437,25.46,27.21,91.87
2021-04-09T08:37:22.500,25.43,27.14,91.81
2021-04-09T08:37:22.562,25.42,27.76,91.93
2021-04-09T08:37:22.625,25.32,27.66,91.77
2021-04-09T08:37:22.687,25.36,27.78,91.85
2021-04-09T08:37:22.750,25.31,27.76,91.77
2021-04-09T08:37:22.812,25.38,28.06,91.92
2021-04-09T08:37:22.875,25.32,27.92,91.82
2021-04-09T08:37:22.937,25.38,27.91,91.90
2021-04-09T08:37:23.000,25.37,27.72,91.85
2021-04-09T08:37:23.062,25.42,27.49,91.88
2021-04-09T08:37:23.125,25.37,27.27,91.77
2021-04-09T08:37:23.187,25.39,27.43,91.82
2021-04-09T08:37:23.250,25.36,27.50,91.79
2021-04-09T08:37:23.312,25.34,27.52,91.77
2021-04-09T08:37:23.375,25.32,27.52,91.73
2021-04-09T08:37:23.437,25.39,27.48,91.82
2021-04-09T08:37:23.500,25.36,27.68,91.83
2021-04-09T08:37:23.562,25.42,27.76,91.93
2021-04-09T08:37:23.625,25.41,27.90,91.93
2021-04-09T08:37:23.687,25.39,27.74,91.88
2021-04-09T08:37:23.750,25.31,27.84,91.79
2021-04-09T08:37:23.812,25.42,27.68,91.92
2021-04-09T08:37:23.875,25.39,27.69,91.88
2021-04-09T08:37:23.937,25.46,27.81,91.99
2021-04-09T08:37:24.000,25.33,27.77,91.81
2021-04-09T08:37:24.062,25.31,27.74,91.77
2021-04-09T08:37:24.125,25.34,27.82,91.83
2021-04-09T08:37:24.187,25.39,27.83,91.90
2021-04-09T08:37:24.250,25.42,27.73,91.91
2021-04-09T08:37:24.312,25.36,27.67,91.83
2021-04-09T08:37:24.375,25.38,27.58,91.84
2021-04-09T08:37:24.437,25.41,27.66,91.90
2021-04-09T08:37:24.500,25.34,27.81,91.83
2021-04-09T08:37:24.562,25.38,27.96,91.90
2021-04-09T08:37:24.625,25.28,28.22,91.82
2021-04-09T08:37:24.687,25.36,27.75,91.85
2021-04-09T08:37:24.750,25.34,28.17,91.89
2021-04-09T08:37:24.812,25.33,27.89,91.83
2021-04-09T08:37:24.875,25.33,28.00,91.85
2021-04-09T08:37:24.937,25.42,27.81,91.93
2021-04-09T08:37:25.000,25.36,27.89,91.86
2021-04-09T08:37:25.062,25.34,28.03,91.87
2021-04-09T08:37:25.125,25.33,27.81,91.81
2021-04-09T08:37:25.187,25.36,27.80,91.84
2021-04-09T08:37:25.250,25.41,27.82,91.92
2021-04-09T08:37:25.312,25.37,27.76,91.86
2021-04-09T08:37:25.375,25.36,27.80,91.84
2021-04-09T08:37:25.437,25.34,27.92,91.85
2021-04-09T08:37:25.500,25.44,27.76,91.95
2021-04-09T08:37:25.562,25.35,27.82,91.85
2021-04-09T08:37:25.625,25.37,27.76,91.86
2021-04-09T08:37:25.687,25.30,28.05,91.81
2021-04-09T08:37:25.750,25.36,27.76,91.85
2021-04-09T08:37:25.812,25.37,27.88,91.88
2021-04-09T08:37:25.875,25.37,27.72,91.84
2021-04-09T08:37:25.937,25.38,27.86,91.88
2021-04-09T08:37:26.000,25.40,27.73,91.90
2021-04-09T08:37:26.062,25.37,27.66,91.84
2021-04-09T08:37:26.125,25.36,27.68,91.83
2021-04-09T08:37:26.187,25.36,27.66,91.83
2021-04-09T08:37:26.250,25.37,28.01,91.90
2021-04-09T08:37:26.312,25.36,27.61,91.81
2021-04-09T08:37:26.375,25.36,27.77,91.85
2021-04-09T08:37:26.437,25.28,27.94,91.76
2021-04-09T08:37:26.500,25.46,27.68,91.97
2021-04-09T08:37:26.562,25.36,28.01,91.89
2021-04-09T08:37:26.625,25.38,27.71,91.86
2021-04-09T08:37:26.687,25.32,27.81,91.79
2021-04-09T08:37:26.750,25.41,27.78,91.91
2021-04-09T08:37:26.812,25.39,27.77,91.88
2021-04-09T08:37:26.875,25.39,27.62,91.86
2021-04-09T08:37:26.937,25.37,27.36,91.78
2021-04-09T08:37:27.000,25.37,27.36,91.78
2021-04-09T08:37:27.062,25.45,27.44,91.91
2021-04-09T08:37:27.125,25.34,27.75,91.81
2021-04-09T08:37:27.187,25.38,27.51,91.83
2021-04-09T08:37:27.250,25.34,27.59,91.79
2021-04-09T08:37:27.312,25.38,27.73,91.86
2021-04-09T08:37:27.375,25.38,27.73,91.86
2021-04-09T08:37:27.437,25.33,27.95,91.83
2021-04-09T08:37:27.500,25.36,27.80,91.85
2021-04-09T08:37:27.562,25.41,27.68,91.90
2021-04-09T08:37:27.625,25.43,27.68,91.93
2021-04-09T08:37:27.687,25.40,27.69,91.89
2021-04-09T08:37:27.750,25.32,27.84,91.81
2021-04-09T08:37:27.812,25.40,27.75,91.89
2021-04-09T08:37:27.875,25.37,27.93,91.88
2021-04-09T08:37:27.937,25.34,27.92,91.85
2021-04-09T08:37:28.000,25.35,27.92,91.86
2021-04-09T08:37:28.062,25.39,27.89,91.92
2021-04-09T08:37:28.125,25.38,27.61,91.84
2021-04-09T08:37:28.187,25.32,27.90,91.81
2021-04-09T08:37:28.250,25.37,27.87,91.88
2021-04-09T08:37:28.312,25.31,27.76,91.77
2021-04-09T08:37:28.375,25.46,27.57,91.95
2021-04-09T08:37:28.437,25.39,27.61,91.86
2021-04-09T08:37:28.500,25.40,27.87,91.92
2021-04-09T08:37:28.562,25.37,27.75,91.86
2021-04-09T08:37:28.625,25.38,27.79,91.88
2021-04-09T08:37:28.687,25.36,27.83,91.86
2021-04-09T08:37:28.750,25.38,27.64,91.86
2021-04-09T08:37:28.812,25.35,27.89,91.86
2021-04-09T08:37:28.875,25.36,27.79,91.85
2021-04-09T08:37:28.937,25.34,27.81,91.83
2021-04-09T08:37:29.000,25.39,28.00,91.94
2021-04-09T08:37:29.062,25.41,27.65,91.89
2021-04-09T08:37:29.125,25.37,27.80,91.86
2021-04-09T08:37:29.187,25.37,27.88,91.88
2021-04-09T08:37:29.250,25.36,27.82,91.86
2021-04-09T08:37:29.312,25.30,27.88,91.78
2021-04-09T08:37:29.375,25.41,27.80,91.92
2021-04-09T08:37:29.437,25.33,27.86,91.83
2021-04-09T08:37:29.500,25.37,27.73,91.86
2021-04-09T08:37:29.562,25.29,28.03,91.79
2021-04-09T08:37:29.625,25.39,27.95,91.92
2021-04-09T08:37:29.687,25.40,27.54,91.87
2021-04-09T08:37:29.750,25.45,27.24,91.88
2021-04-09T08:37:29.812,25.48,27.85,92.03
2021-04-09T08:37:29.875,25.31,28.00,91.82
2021-04-09T08:37:29.937,25.33,27.97,91.85
2021-04-09T08:37:30.000,25.36,27.92,91.88
2021-04-09T08:37:30.062,25.33,28.12,91.87
2021-04-09T08:37:30.125,25.32,28.04,91.84
2021-04-09T08:37:30.187,25.39,27.90,91.91
2021-04-09T08:37:30.250,25.37,27.80,91.86
2021-04-09T08:37:30.312,25.30,27.93,91.80
2021-04-09T08:37:30.375,25.31,28.02,91.83
2021-04-09T08:37:30.437,25.43,27.72,91.93
2021-04-09T08:37:30.500,25.33,27.69,91.79
2021-04-09T08:37:30.562,25.36,27.87,91.86
2021-04-09T08:37:30.625,25.33,27.95,91.85
2021-04-09T08:37:30.687,25.41,27.82,91.93
2021-04-09T08:37:30.750,25.34,27.71,91.81
2021-04-09T08:37:30.812,25.38,27.76,91.88
2021-04-09T08:37:30.875,25.37,27.57,91.83
2021-04-09T08:37:30.937,25.42,27.93,91.96
2021-04-09T08:37:31.000,25.36,27.86,91.87
2021-04-09T08:37:31.062,25.46,27.56,91.94
2021-04-09T08:37:31.125,25.31,27.74,91.77
2021-04-09T08:37:31.187,25.39,27.64,91.86
2021-04-09T08:37:31.250,25.49,27.67,92.01
2021-04-09T08:37:31.312,25.23,28.15,91.73
2021-04-09T08:37:31.375,25.29,28.11,91.82
2021-04-09T08:37:31.437,25.35,28.19,91.91
2021-04-09T08:37:31.500,25.42,28.02,91.97
2021-04-09T08:37:31.562,25.25,27.90,91.72
2021-04-09T08:37:31.625,25.41,27.94,91.95
2021-04-09T08:37:31.687,25.34,28.09,91.88
2021-04-09T08:37:31.750,25.37,27.87,91.88
2021-04-09T08:37:31.812,25.26,28.39,91.82
2021-04-09T08:37:31.875,25.37,27.94,91.89
2021-04-09T08:37:31.937,25.15,30.27,91.99
2021-04-09T08:37:32.000,25.34,27.92,91.85
2021-04-09T08:37:32.062,25.16,29.12,91.82
2021-04-09T08:37:32.125,25.14,28.48,91.67
2021-04-09T08:37:32.187,24.32,40.21,91.94
2021-04-09T08:37:32.250,24.35,44.41,92.15
2021-04-09T08:37:32.312,24.08,43.27,91.74
2021-04-09T08:37:32.375,24.09,42.50,91.72
2021-04-09T08:37:32.437,24.15,40.90,91.74
2021-04-09T08:37:32.500,25.36,39.00,93.31
2021-04-09T08:37:32.562,23.98,42.47,91.57
2021-04-09T08:37:32.625,22.14,47.89,89.17
2021-04-09T08:37:32.687,24.29,55.04,91.81
2021-04-09T08:37:32.750,25.05,65.15,91.64
2021-04-09T08:37:32.812,27.25,78.64,91.30
2021-04-09T08:37:32.875,27.39,76.31,92.10
2021-04-09T08:37:32.937,29.07,71.71,95.26
2021-04-09T08:37:33.000,29.04,75.09,94.35
2021-04-09T08:37:33.062,28.95,75.61,94.10
2021-04-09T08:37:33.125,30.23,75.89,95.50
2021-04-09T08:37:33.187,29.75,76.32,94.81
2021-04-09T08:37:33.250,29.50,74.65,95.00
2021-04-09T08:37:33.312,30.07,76.19,95.23
2021-04-09T08:37:33.375,29.59,75.36,94.91
2021-04-09T08:37:33.437,29.79,75.88,94.99
2021-04-09T08:37:33.500,29.66,75.60,94.92
2021-04-09T08:37:33.562,29.87,75.90,95.07
2021-04-09T08:37:33.625,29.82,75.91,95.01
2021-04-09T08:37:33.687,29.85,75.98,95.03
2021-04-09T08:37:33.750,29.33,75.79,94.49
2021-04-09T08:37:33.812,30.01,75.88,95.24
2021-04-09T08:37:33.875,30.03,75.93,95.25
2021-04-09T08:37:33.937,29.93,75.83,95.17
2021-04-09T08:37:34.000,29.62,75.94,94.77
2021-04-09T08:37:34.062,29.75,75.80,94.97
2021-04-09T08:37:34.125,29.67,75.96,94.83
2021-04-09T08:37:34.187,29.68,75.97,94.83
2021-04-09T08:37:34.250,29.68,75.86,94.87
2021-04-09T08:37:34.312,29.90,75.87,95.12
2021-04-09T08:37:34.375,29.62,75.87,94.80
2021-04-09T08:37:34.437,29.79,75.86,95.00
2021-04-09T08:37:34.500,29.81,75.79,95.04
2021-04-09T08:37:34.562,30.05,76.06,95.24
2021-04-09T08:37:34.625,29.77,75.85,94.98
2021-04-09T08:37:34.687,29.73,75.95,94.90
2021-04-09T08:37:34.750,29.57,75.88,94.74
2021-04-09T08:37:34.812,30.05,75.86,95.30
2021-04-09T08:37:34.875,29.78,75.96,94.95
2021-04-09T08:37:34.937,29.97,75.79,95.23
2021-04-09T08:37:35.000,29.71,76.05,94.85
2021-04-09T08:37:35.062,29.64,75.79,94.85
2021-04-09T08:37:35.125,30.08,75.90,95.32
2021-04-09T08:37:35.187,29.98,75.91,95.20
2021-04-09T08:37:35.250,30.16,76.05,95.37
2021-04-09T08:37:35.312,30.10,75.82,95.37
2021-04-09T08:37:35.375,29.64,76.01,94.78
2021-04-09T08:37:35.437,30.09,76.03,95.30
2021-04-09T08:37:35.500,29.72,75.84,94.92
2021-04-09T08:37:35.562,29.70,76.04,94.84
2021-04-09T08:37:35.625,29.99,75.82,95.24
2021-04-09T08:37:35.687,29.86,75.90,95.07
2021-04-09T08:37:35.750,29.64,76.01,94.78
2021-04-09T08:37:35.812,29.99,75.82,95.24
2021-04-09T08:37:35.875,29.82,75.94,95.01
2021-04-09T08:37:35.937,29.79,75.98,94.96
2021-04-09T08:37:36.000,29.67,75.85,94.86
2021-04-09T08:37:36.062,29.76,75.90,94.95
2021-04-09T08:37:36.125,29.88,75.95,95.08
2021-04-09T08:37:36.187,30.09,75.90,95.33
2021-04-09T08:37:36.250,29.51,75.97,94.64
2021-04-09T08:37:36.312,29.66,75.95,94.83
2021-04-09T08:37:36.375,29.90,75.87,95.12
2021-04-09T08:37:36.437,29.91,75.89,95.13
2021-04-09T08:37:36.500,29.57,75.97,94.72
2021-04-09T08:37:36.562,30.01,75.90,95.25
2021-04-09T08:37:36.625,30.08,75.91,95.32
2021-04-09T08:37:36.687,29.84,75.95,95.03
2021-04-09T08:37:36.750,29.69,75.88,94.88
2021-04-09T08:37:36.812,29.97,75.91,95.19
2021-04-09T08:37:36.875,29.45,76.09,94.54
2021-04-09T08:37:36.937,29.76,76.02,94.91
2021-04-09T08:37:37.000,29.99,75.97,95.20
2021-04-09T08:37:37.062,29.90,75.99,95.10
2021-04-09T08:37:37.125,29.63,75.88,94.81
2021-04-09T08:37:37.187,29.75,76.03,94.91
2021-04-09T08:37:37.250,30.22,75.86,95.50
2021-04-09T08:37:37.312,29.82,75.93,95.02
2021-04-09T08:37:37.375,29.76,76.03,94.92
2021-04-09T08:37:37.437,29.48,76.03,94.59
2021-04-09T08:37:37.500,30.04,76.13,95.22
2021-04-09T08:37:37.562,29.87,75.82,95.10
2021-04-09T08:37:37.625,29.98,76.02,95.17
2021-04-09T08:37:37.687,29.68,75.96,94.84
2021-04-09T08:37:37.750,29.71,75.95,94.89
2021-04-09T08:37:37.812,30.31,75.90,95.59
2021-04-09T08:37:37.875,29.91,75.98,95.11
2021-04-09T08:37:37.937,30.13,75.91,95.38
2021-04-09T08:37:38.000,29.68,75.99,94.84
2021-04-09T08:37:38.062,29.88,75.96,95.08
2021-04-09T08:37:38.125,29.84,75.86,95.06
2021-04-09T08:37:38.187,29.62,76.09,94.74
2021-04-09T08:37:38.250,29.70,75.92,94.88
2021-04-09T08:37:38.312,29.91,75.90,95.13
2021-04-09T08:37:38.375,30.02,75.89,95.26
2021-04-09T08:37:38.437,29.97,75.79,95.23
2021-04-09T08:37:38.500,29.94,75.93,95.15
2021-04-09T08:37:38.562,29.75,75.89,94.94
2021-04-09T08:37:38.625,30.18,75.90,95.44
2021-04-09T08:37:38.687,29.57,75.87,94.75
2021-04-09T08:37:38.750,29.57,75.96,94.71
2021-04-09T08:37:38.812,29.89,75.86,95.12
2021-04-09T08:37:38.875,29.91,75.90,95.13
2021-04-09T08:37:38.937,29.94,75.97,95.15
2021-04-09T08:37:39.000,29.82,76.04,94.99
2021-04-09T08:37:39.062,30.07,76.40,95.17
2021-04-09T08:37:39.125,30.11,76.06,95.32
2021-04-09T08:37:39.187,30.59,76.11,95.85
2021-04-09T08:37:39.250,30.14,75.82,95.42
2021-04-09T08:37:39.312,30.17,75.94,95.42
2021-04-09T08:37:39.375,29.87,75.92,95.08
2021-04-09T08:37:39.437,30.28,76.07,95.51
2021-04-09T08:37:39.500,29.91,75.80,95.16
2021-04-09T08:37:39.562,29.99,76.03,95.18
2021-04-09T08:37:39.625,30.21,75.83,95.50
2021-04-09T08:37:39.687,29.81,76.02,94.97
2021-04-09T08:37:39.750,29.93,75.94,95.15
2021-04-09T08:37:39.812,29.76,75.94,94.94
2021-04-09T08:37:39.875,29.96,76.00,95.16
2021-04-09T08:37:39.937,29.77,75.95,94.95
2021-04-09T08:37:40.000,30.19,76.01,95.42
2021-04-09T08:37:40.062,30.11,75.98,95.34
2021-04-09T08:37:40.125,30.06,75.86,95.32
2021-04-09T08:37:40.187,30.14,75.89,95.39
2021-04-09T08:37:40.250,29.72,75.93,94.90
2021-04-09T08:37:40.312,30.14,76.22,95.30
2021-04-09T08:37:40.375,30.14,76.23,95.30
2021-04-09T08:37:40.437,30.00,76.60,95.03
2021-04-09T08:37:40.500,29.92,76.12,95.08
2021-04-09T08:37:40.562,30.03,76.22,95.18
2021-04-09T08:37:40.625,29.78,76.30,94.87
2021-04-09T08:37:40.687,30.17,76.57,95.23
2021-04-09T08:37:40.750,30.00,76.39,95.09
2021-04-09T08:37:40.812,30.09,76.25,95.24
2021-04-09T08:37:40.875,30.14,76.73,95.15
2021-04-09T08:37:40.937,30.41,76.50,95.53
2021-04-09T08:37:41.000,29.77,76.72,94.74
2021-04-09T08:37:41.062,30.32,76.64,95.38
2021-04-09T08:37:41.125,30.21,76.65,95.26
2021-04-09T08:37:41.187,30.36,76.59,95.44
2021-04-09T08:37:41.250,30.14,77.05,95.05
2021-04-09T08:37:41.312,29.76,76.48,94.79
2021-04-09T08:37:41.375,30.11,76.80,95.09
2021-04-09T08:37:41.437,30.30,76.92,95.28
2021-04-09T08:37:41.500,30.37,77.34,95.24
2021-04-09T08:37:41.562,30.52,77.08,95.48
2021-04-09T08:37:41.625,30.61,76.93,95.63
2021-04-09T08:37:41.687,30.12,77.01,95.04
2021-04-09T08:37:41.750,30.16,76.78,95.16
2021-04-09T08:37:41.812,30.50,76.84,95.53
2021-04-09T08:37:41.875,30.52,76.99,95.51
2021-04-09T08:37:41.937,30.10,76.77,95.09
2021-04-09T08:37:42.000,30.29,77.09,95.22
2021-04-09T08:37:42.062,30.27,76.87,95.26
2021-04-09T08:37:42.125,30.47,76.90,95.48
2021-04-09T08:37:42.187,30.02,76.84,94.98
2021-04-09T08:37:42.250,30.14,76.95,95.08
2021-04-09T08:37:42.312,30.44,77.06,95.40
2021-04-09T08:37:42.375,30.16,76.88,95.13
2021-04-09T08:37:42.437,30.08,76.84,95.05
2021-04-09T08:37:42.500,30.51,77.07,95.47
2021-04-09T08:37:42.562,30.27,77.06,95.20
2021-04-09T08:37:42.625,29.94,76.72,94.93
2021-04-09T08:37:42.687,30.60,76.89,95.63
2021-04-09T08:37:42.750,30.20,76.95,95.15
2021-04-09T08:37:42.812,30.22,76.78,95.22
2021-04-09T08:37:42.875,30.30,77.03,95.25
2021-04-09T08:37:42.937,30.20,76.97,95.15
2021-04-09T08:37:43.000,30.61,77.13,95.57
2021-04-09T08:37:43.062,30.48,76.81,95.52
2021-04-09T08:37:43.125,30.14,76.64,95.18
2021-04-09T08:37:43.187,30.14,76.76,95.15
2021-04-09T08:37:43.250,30.38,76.85,95.39
2021-04-09T08:37:43.312,30.05,76.78,95.03
2021-04-09T08:37:43.375,30.54,76.11,95.80
2021-04-09T08:37:43.437,30.56,76.77,95.63
2021-04-09T08:37:43.500,30.18,77.02,95.11
2021-04-09T08:37:43.562,29.86,76.55,94.88
2021-04-09T08:37:43.625,30.07,76.94,95.01
2021-04-09T08:37:43.687,30.45,76.78,95.50
2021-04-09T08:37:43.750,30.22,76.89,95.20
2021-04-09T08:37:43.812,30.53,76.91,95.54
2021-04-09T08:37:43.875,30.50,76.89,95.52
2021-04-09T08:37:43.937,30.18,76.82,95.17
2021-04-09T08:37:44.000,30.09,75.99,95.31
2021-04-09T08:37:44.062,29.98,78.27,94.51
2021-04-09T08:37:44.125,29.95,75.88,95.18
2021-04-09T08:37:44.187,30.17,76.09,95.37
2021-04-09T08:37:44.250,29.64,76.01,94.79
2021-04-09T08:37:44.312,29.91,76.00,95.10
2021-04-09T08:37:44.375,30.20,76.13,95.40
2021-04-09T08:37:44.437,30.16,75.96,95.40
2021-04-09T08:37:44.500,29.89,76.07,95.06
2021-04-09T08:37:44.562,29.71,76.04,94.86
2021-04-09T08:37:44.625,29.76,76.24,94.85
2021-04-09T08:37:44.687,30.14,76.43,95.24
2021-04-09T08:37:44.750,30.03,76.01,95.24
2021-04-09T08:37:44.812,29.77,76.07,94.92
2021-04-09T08:37:44.875,30.28,76.06,95.51
2021-04-09T08:37:44.937,30.11,76.15,95.29
2021-04-09T08:37:45.000,30.20,76.01,95.43
2021-04-09T08:37:45.062,29.77,76.03,94.92
2021-04-09T08:37:45.125,30.25,76.11,95.46
2021-04-09T08:37:45.187,29.93,76.05,95.11
2021-04-09T08:37:45.250,30.16,76.24,95.32
2021-04-09T08:37:45.312,29.95,76.18,95.10
2021-04-09T08:37:45.375,29.85,76.20,94.97
2021-04-09T08:37:45.437,30.20,76.13,95.40
2021-04-09T08:37:45.500,29.96,76.21,95.09
2021-04-09T08:37:45.562,29.90,76.20,95.03
2021-04-09T08:37:45.625,30.20,76.13,95.40
2021-04-09T08:37:45.687,29.80,76.22,94.92
2021-04-09T08:37:45.750,30.16,76.25,95.31
2021-04-09T08:37:45.812,30.10,76.07,95.30
2021-04-09T08:37:45.875,29.99,76.15,95.15
2021-04-09T08:37:45.937,29.90,76.19,95.03
2021-04-09T08:37:46.000,30.00,76.15,95.16
2021-04-09T08:37:46.062,29.96,76.20,95.10
2021-04-09T08:37:46.125,29.87,76.14,95.01
2021-04-09T08:37:46.187,30.12,75.97,95.36
2021-04-09T08:37:46.250,30.15,75.55,95.52
2021-04-09T08:37:46.312,29.99,76.78,94.96
2021-04-09T08:37:46.375,30.01,76.38,95.10
2021-04-09T08:37:46.437,30.21,76.97,95.16
2021-04-09T08:37:46.500,30.42,77.67,95.18
2021-04-09T08:37:46.562,29.96,75.42,95.33
2021-04-09T08:37:46.625,30.35,76.49,95.46
2021-04-09T08:37:46.687,30.57,75.42,96.04
2021-04-09T08:37:46.750,31.19,77.28,96.19
2021-04-09T08:37:46.812,30.24,75.50,95.63
2021-04-09T08:37:46.875,31.33,78.83,95.85
2021-04-09T08:37:46.937,31.77,78.57,96.43
2021-04-09T08:37:47.000,32.85,79.70,97.25
2021-04-09T08:37:47.062,33.14,80.64,97.25
2021-04-09T08:37:47.125,36.72,83.61,99.97
2021-04-09T08:37:47.187,37.84,83.40,101.26
2021-04-09T08:37:47.250,52.30,86.91,114.59
2021-04-09T08:37:47.312,69.76,87.99,131.64
2021-04-09T08:37:47.375,103.16,88.54,164.68
2021-04-09T08:37:47.437,177.53,87.58,-122.00
2021-04-09T08:37:47.500,-166.71,85.82,-107.13
2021-04-09T08:37:47.562,-163.42,84.51,-104.35
2021-04-09T08:37:47.625,-156.34,82.97,-98.35
2021-04-09T08:37:47.687,-158.33,82.37,-100.36
2021-04-09T08:37:47.750,-161.62,81.00,-103.70
2021-04-09T08:37:47.812,-146.87,80.35,-91.06
2021-04-09T08:37:47.875,-146.21,74.71,-93.55
2021-04-09T08:37:47.937,-147.64,74.57,-94.78
2021-04-09T08:37:48.000,-146.73,73.54,-94.63
2021-04-09T08:37:48.062,-147.11,73.65,-94.87
2021-04-09T08:37:48.125,-145.08,74.31,-92.87
2021-04-09T08:37:48.187,-147.32,71.75,-96.12
2021-04-09T08:37:48.250,-143.93,71.12,-93.93
2021-04-09T08:37:48.312,-140.89,70.83,-91.80
2021-04-09T08:37:48.375,-144.97,68.72,-96.22
2021-04-09T08:37:48.437,-143.29,70.27,-93.99
2021-04-09T08:37:48.500,-133.23,64.31,-91.19
2021-04-09T08:37:48.562,-137.90,65.42,-93.57
2021-04-09T08:37:48.625,-139.24,67.45,-92.97
2021-04-09T08:37:48.687,-136.56,65.15,-92.84
2021-04-09T08:37:48.750,-129.35,59.87,-92.68
2021-04-09T08:37:48.812,-136.16,66.72,-91.29
2021-04-09T08:37:48.875,-128.04,59.98,-91.67
2021-04-09T08:37:48.937,-128.39,59.07,-92.85
2021-04-09T08:37:49.000,-126.54,58.37,-92.34
2021-04-09T08:37:49.062,-122.26,56.32,-91.79
2021-04-09T08:37:49.125,-120.47,55.48,-91.60
2021-04-09T08:37:49.187,-118.89,54.39,-91.91
2021-04-09T08:37:49.250,-117.11,53.69,-91.62
2021-04-09T08:37:49.312,-116.12,52.76,-92.25
2021-04-09T08:37:49.375,-112.51,51.78,-91.09
2021-04-09T08:37:49.437,-111.75,50.76,-92.17
2021-04-09T08:37:49.500,-110.95,50.59,-91.84
2021-04-09T08:37:49.562,-109.93,50.13,-91.84
2021-04-09T08:37:49.625,-109.73,50.16,-91.64
2021-04-09T08:37:49.687,-109.05,49.72,-91.87
2021-04-09T08:37:49.750,-107.62,49.15,-91.78
2021-04-09T08:37:49.812,-108.37,49.37,-91.97
2021-04-09T08:37:49.875,-108.97,49.67,-91.90
2021-04-09T08:37:49.937,-109.19,49.90,-91.67
2021-04-09T08:37:50.000,-111.69,50.87,-91.94
2021-04-09T08:37:50.062,-112.31,51.15,-91.95
2021-04-09T08:37:50.125,-114.22,51.99,-92.02
2021-04-09T08:37:50.187,-112.16,51.21,-91.73
2021-04-09T08:37:50.250,-112.61,51.41,-91.76
2021-04-09T08:37:50.312,-113.39,51.66,-91.93
2021-04-09T08:37:50.375,-114.31,51.99,-92.11
2021-04-09T08:37:50.437,-114.79,52.43,-91.77
2021-04-09T08:37:50.500,-114.48,52.15,-91.99
2021-04-09T08:37:50.562,-114.22,51.94,-92.12
2021-04-09T08:37:50.625,-113.39,51.67,-91.92
2021-04-09T08:37:50.687,-113.68,51.75,-92.02
2021-04-09T08:37:50.750,-117.00,53.12,-92.35
2021-04-09T08:37:50.812,-116.46,52.91,-92.28
2021-04-09T08:37:50.875,-117.42,53.55,-92.04
2021-04-09T08:37:50.937,-116.15,52.92,-92.03
2021-04-09T08:37:51.000,-117.88,53.74,-92.10
2021-04-09T08:37:51.062,-116.60,53.16,-92.01
2021-04-09T08:37:51.125,-119.55,54.52,-92.20
2021-04-09T08:37:51.187,-119.04,54.30,-92.14
2021-04-09T08:37:51.250,-118.99,54.27,-92.15
2021-04-09T08:37:51.312,-117.74,53.64,-92.14
2021-04-09T08:37:51.375,-117.05,53.43,-91.95
2021-04-09T08:37:51.437,-117.34,53.40,-92.19
2021-04-09T08:37:51.500,-117.07,53.36,-92.06
2021-04-09T08:37:51.562,-116.81,53.19,-92.12
2021-04-09T08:37:51.625,-117.28,53.53,-91.97
2021-04-09T08:37:51.687,-117.24,53.46,-92.03
2021-04-09T08:37:51.750,-118.34,54.02,-92.04
2021-04-09T08:37:51.812,-117.96,53.71,-92.19
2021-04-09T08:37:51.875,-118.95,54.14,-92.30
2021-04-09T08:37:51.937,-118.24,53.89,-92.14
2021-04-09T08:37:52.000,-118.74,54.09,-92.21
2021-04-09T08:37:52.062,-117.93,53.77,-92.08
2021-04-09T08:37:52.125,-118.80,54.16,-92.17
2021-04-09T08:37:52.187,-117.83,53.73,-92.08
2021-04-09T08:37:52.250,-118.47,54.01,-92.14
2021-04-09T08:37:52.312,-118.43,53.91,-92.26
2021-04-09T08:37:52.375,-117.86,53.74,-92.09
2021-04-09T08:37:52.437,-118.36,53.91,-92.20
2021-04-09T08:37:52.500,-117.66,53.67,-92.05
2021-04-09T08:37:52.562,-118.41,54.01,-92.10
2021-04-09T08:37:52.625,-118.01,53.85,-92.04
2021-04-09T08:37:52.687,-118.18,53.85,-92.15
2021-04-09T08:37:52.750,-118.26,54.02,-91.98
2021-04-09T08:37:52.812,-117.43,53.52,-92.10
2021-04-09T08:37:52.875,-118.10,53.93,-92.00
2021-04-09T08:37:52.937,-117.66,53.72,-91.98
2021-04-09T08:37:53.000,-118.61,54.16,-92.04
2021-04-09T08:37:53.062,-119.23,54.31,-92.26
2021-04-09T08:37:53.125,-119.06,54.34,-92.10
2021-04-09T08:37:53.187,-118.98,54.35,-92.04
2021-04-09T08:37:53.250,-117.67,53.67,-92.05
2021-04-09T08:37:53.312,-118.55,53.96,-92.26
2021-04-09T08:37:53.375,-117.65,53.80,-91.85
2021-04-09T08:37:53.437,-118.33,53.80,-92.34
2021-04-09T08:37:53.500,-118.10,53.83,-92.12
2021-04-09T08:37:53.562,-118.24,53.77,-92.30
2021-04-09T08:37:53.625,-117.73,53.63,-92.15
2021-04-09T08:37:53.687,-117.96,53.82,-92.05
2021-04-09T08:37:53.750,-118.25,53.92,-92.11
2021-04-09T08:37:53.812,-118.51,53.87,-92.36
2021-04-09T08:37:53.875,-118.10,53.74,-92.25
2021-04-09T08:37:53.937,-118.10,53.90,-92.03
2021-04-09T08:37:54.000,-117.98,53.80,-92.09
2021-04-09T08:37:54.062,-118.44,53.97,-92.18
2021-04-09T08:37:54.125,-118.60,54.04,-92.19
2021-04-09T08:37:54.187,-118.11,53.84,-92.12
2021-04-09T08:37:54.250,-118.43,53.99,-92.13
2021-04-09T08:37:54.312,-118.50,54.03,-92.14
2021-04-09T08:37:54.375,-118.85,54.13,-92.24
2021-04-09T08:37:54.437,-118.86,54.18,-92.18
2021-04-09T08:37:54.500,-118.55,53.95,-92.28
2021-04-09T08:37:54.562,-118.10,53.74,-92.25
2021-04-09T08:37:54.625,-118.74,54.16,-92.13
2021-04-09T08:37:54.687,-118.95,54.33,-92.05
2021-04-09T08:37:54.750,-119.60,54.47,-92.30
2021-04-09T08:37:54.812,-119.01,54.17,-92.30
2021-04-09T08:37:54.875,-118.75,54.08,-92.24
2021-04-09T08:37:54.937,-118.80,54.06,-92.30
2021-04-09T08:37:55.000,-118.67,54.06,-92.22
2021-04-09T08:37:55.062,-118.56,54.10,-92.09
2021-04-09T08:37:55.125,-119.01,54.20,-92.25
2021-04-09T08:37:55.187,-118.84,54.12,-92.25
2021-04-09T08:37:55.250,-118.92,54.25,-92.12
2021-04-09T08:37:55.312,-118.88,54.14,-92.25
2021-04-09T08:37:55.375,-119.05,54.33,-92.11
2021-04-09T08:37:55.437,-119.02,54.23,-92.23
2021-04-09T08:37:55.500,-118.72,54.14,-92.15
2021-04-09T08:37:55.562,-118.89,54.17,-92.22
2021-04-09T08:37:55.625,-119.04,54.26,-92.20
2021-04-09T08:37:55.687,-118.31,53.89,-92.20
2021-04-09T08:37:55.750,-118.66,54.07,-92.19
2021-04-09T08:37:55.812,-118.90,54.15,-92.26
2021-04-09T08:37:55.875,-118.69,54.07,-92.21
2021-04-09T08:37:55.937,-118.83,54.17,-92.18
2021-04-09T08:37:56.000,-119.07,54.23,-92.26
2021-04-09T08:37:56.062,-118.74,54.15,-92.14
2021-04-09T08:37:56.125,-118.83,54.08,-92.30
2021-04-09T08:37:56.187,-118.89,54.07,-92.35
2021-04-09T08:37:56.250,-118.61,54.08,-92.14
2021-04-09T08:37:56.312,-118.86,54.19,-92.17
2021-04-09T08:37:56.375,-118.85,54.09,-92.30
2021-04-09T08:37:56.437,-118.32,53.89,-92.21
2021-04-09T08:37:56.500,-119.08,54.23,-92.26
2021-04-09T08:37:56.562,-119.15,54.19,-92.37
2021-04-09T08:37:56.625,-118.13,53.81,-92.18
2021-04-09T08:37:56.687,-118.43,53.92,-92.24
2021-04-09T08:37:56.750,-118.62,54.00,-92.26
2021-04-09T08:37:56.812,-118.56,53.98,-92.24
2021-04-09T08:37:56.875,-118.96,54.18,-92.26
2021-04-09T08:37:56.937,-118.32,53.84,-92.27
2021-04-09T08:37:57.000,-118.65,54.05,-92.21
2021-04-09T08:37:57.062,-118.19,53.78,-92.27
2021-04-09T08:37:57.125,-118.96,54.23,-92.18
2021-04-09T08:37:57.187,-119.00,54.24,-92.20
2021-04-09T08:37:57.250,-119.46,54.33,-92.39
2021-04-09T08:37:57.312,-118.63,54.10,-92.14
2021-04-09T08:37:57.375,-119.25,54.28,-92.31
2021-04-09T08:37:57.437,-119.19,54.31,-92.24
2021-04-09T08:37:57.500,-119.33,54.34,-92.29
2021-04-09T08:37:57.562,-118.69,54.09,-92.19
2021-04-09T08:37:57.625,-118.91,54.17,-92.23
2021-04-09T08:37:57.687,-119.00,54.28,-92.15
2021-04-09T08:37:57.750,-119.22,54.31,-92.26
2021-04-09T08:37:57.812,-119.23,54.33,-92.23
2021-04-09T08:37:57.875,-119.43,54.34,-92.37
2021-04-09T08:37:57.937,-119.81,54.58,-92.31
2021-04-09T08:37:58.000,-120.22,54.80,-92.30
2021-04-09T08:37:58.062,-119.83,54.55,-92.36
2021-04-09T08:37:58.125,-119.92,54.63,-92.31
2021-04-09T08:37:58.187,-119.40,54.43,-92.22
2021-04-09T08:37:58.250,-119.46,54.33,-92.39
2021-04-09T08:37:58.312,-119.08,54.22,-92.28
2021-04-09T08:37:58.375,-118.84,54.16,-92.20
2021-04-09T08:37:58.437,-120.04,54.63,-92.41
2021-04-09T08:37:58.500,-119.49,54.25,-92.52
2021-04-09T08:37:58.562,-118.88,54.14,-92.25
2021-04-09T08:37:58.625,-119.36,54.28,-92.39
2021-04-09T08:37:58.687,-119.81,54.50,-92.41
2021-04-09T08:37:58.750,-120.09,54.66,-92.40
2021-04-09T08:37:58.812,-118.90,54.11,-92.31
2021-04-09T08:37:58.875,-119.08,54.11,-92.43
2021-04-09T08:37:58.937,-119.16,54.24,-92.31
2021-04-09T08:37:59.000,-119.12,54.15,-92.40
2021-04-09T08:37:59.062,-119.25,54.29,-92.31
2021-04-09T08:37:59.125,-119.07,54.25,-92.23
2021-04-09T08:37:59.187,-119.45,54.36,-92.35
2021-04-09T08:37:59.250,-119.12,54.24,-92.29
2021-04-09T08:37:59.312,-118.99,54.18,-92.28
2021-04-09T08:37:59.375,-119.08,54.13,-92.41
2021-04-09T08:37:59.437,-118.40,53.85,-92.31
2021-04-09T08:37:59.500,-118.47,53.93,-92.25
2021-04-09T08:37:59.562,-118.78,54.05,-92.30
2021-04-09T08:37:59.625,-118.60,53.95,-92.32
2021-04-09T08:37:59.687,-118.36,53.80,-92.35
2021-04-09T08:37:59.750,-118.45,53.93,-92.24
2021-04-09T08:37:59.812,-117.92,53.61,-92.31
2021-04-09T08:37:59.875,-118.44,53.83,-92.36
2021-04-09T08:37:59.937,-118.40,53.87,-92.28
2021-04-09T08:38:00.000,-117.32,53.41,-92.17
2021-04-09T08:38:00.062,-118.30,53.79,-92.33
2021-04-09T08:38:00.125,-117.73,53.62,-92.16
2021-04-09T08:38:00.187,-118.56,53.89,-92.36
2021-04-09T08:38:00.250,-118.11,53.75,-92.25
2021-04-09T08:38:00.312,-118.15,53.78,-92.23
2021-04-09T08:38:00.375,-118.34,53.82,-92.30
2021-04-09T08:38:00.437,-118.51,53.87,-92.36
2021-04-09T08:38:00.500,-118.75,54.00,-92.34
2021-04-09T08:38:00.562,-118.92,54.12,-92.30
2021-04-09T08:38:00.625,-118.77,53.99,-92.37
2021-04-09T08:38:00.687,-118.86,54.09,-92.30
2021-04-09T08:38:00.750,-118.30,53.86,-92.23
2021-04-09T08:38:00.812,-118.69,53.94,-92.39
2021-04-09T08:38:00.875,-118.66,54.00,-92.29
2021-04-09T08:38:00.937,-118.77,54.14,-92.17
2021-04-09T08:38:01.000,-119.01,54.09,-92.41
2021-04-09T08:38:01.062,-118.67,54.02,-92.26
2021-04-09T08:38:01.125,-118.86,54.04,-92.37
2021-04-09T08:38:01.187,-118.63,53.93,-92.36
2021-04-09T08:38:01.250,-118.54,53.97,-92.24
2021-04-09T08:38:01.312,-118.94,54.08,-92.38
2021-04-09T08:38:01.375,-119.27,54.24,-92.38
2021-04-09T08:38:01.437,-119.09,54.26,-92.23
2021-04-09T08:38:01.500,-119.03,54.21,-92.26
2021-04-09T08:38:01.562,-119.19,54.22,-92.36
2021-04-09T08:38:01.625,-119.13,54.13,-92.43
2021-04-09T08:38:01.687,-119.34,54.28,-92.38
2021-04-09T08:38:01.750,-118.64,54.02,-92.24
2021-04-09T08:38:01.812,-118.91,54.13,-92.28
2021-04-09T08:38:01.875,-119.25,54.23,-92.39
2021-04-09T08:38:01.937,-119.01,54.14,-92.34
2021-04-09T08:38:02.000,-119.24,54.25,-92.35
2021-04-09T08:38:02.062,-117.31,53.21,-92.44
2021-04-09T08:38:02.125,-117.67,53.38,-92.45
2021-04-09T08:38:02.187,-111.61,50.69,-92.17
2021-04-09T08:38:02.250,-104.93,47.75,-92.28
2021-04-09T08:38:02.312,-101.33,46.48,-91.81
2021-04-09T08:38:02.375,-98.87,45.39,-92.04
2021-04-09T08:38:02.437,-97.25,44.93,-91.55
2021-04-09T08:38:02.500,-94.30,43.20,-93.27
2021-04-09T08:38:02.562,-88.76,41.51,-91.72
2021-04-09T08:38:02.625,-81.99,38.83,-91.73
2021-04-09T08:38:02.687,-79.76,38.08,-90.36
2021-04-09T08:38:02.750,-72.55,34.90,-92.32
2021-04-09T08:38:02.812,-75.07,35.97,-91.81
2021-04-09T08:38:02.875,-63.67,30.78,-91.74
2021-04-09T08:38:02.937,-62.81,30.20,-90.96
2021-04-09T08:38:03.000,-61.51,29.68,-91.74
2021-04-09T08:38:03.062,-55.38,26.78,-93.21
2021-04-09T08:38:03.125,-52.65,24.29,-91.17
2021-04-09T08:38:03.187,-52.83,24.78,-92.03
2021-04-09T08:38:03.250,-52.83,24.70,-91.85
2021-04-09T08:38:03.312,-49.22,21.91,-91.22
2021-04-09T08:38:03.375,-49.18,21.79,-91.05
2021-04-09T08:38:03.437,-48.33,21.07,-90.93
2021-04-09T08:38:03.500,-48.14,20.98,-91.04
2021-04-09T08:38:03.562,-48.26,21.05,-91.00
2021-04-09T08:38:03.625,-48.22,21.06,-91.05
2021-04-09T08:38:03.687,-48.32,21.08,-90.97
2021-04-09T08:38:03.750,-48.38,21.16,-91.03
2021-04-09T08:38:03.812,-48.44,21.17,-90.95
2021-04-09T08:38:03.875,-48.33,21.20,-91.17
2021-04-09T08:38:03.937,-48.51,21.21,-90.93
2021-04-09T08:38:04.000,-48.25,21.05,-91.02
2021-04-09T08:38:04.062,-48.46,21.19,-90.97
2021-04-09T08:38:04.125,-48.37,21.19,-91.10
2021-04-09T08:38:04.187,-48.42,21.15,-90.95
2021-04-09T08:38:04.250,-48.54,21.29,-91.03
2021-04-09T08:38:04.312,-48.34,21.16,-91.08
2021-04-09T08:38:04.375,-48.58,21.37,-91.12
2021-04-09T08:38:04.437,-48.50,21.16,-90.84
2021-04-09T08:38:04.500,-48.46,21.14,-90.88
2021-04-09T08:38:04.562,-48.39,21.02,-90.75
2021-04-09T08:38:04.625,-48.40,21.20,-91.07
2021-04-09T08:38:04.687,-48.48,21.26,-91.07
2021-04-09T08:38:04.750,-48.53,21.41,-91.27
2021-04-09T08:38:04.812,-48.03,20.77,-90.80
2021-04-09T08:38:04.875,-48.19,21.13,-91.23
2021-04-09T08:38:04.937,-48.51,21.34,-91.18
2021-04-09T08:38:05.000,-47.55,20.50,-91.01
2021-04-09T08:38:05.062,-45.72,18.81,-90.73
2021-04-09T08:38:05.125,-44.34,17.76,-91.00
2021-04-09T08:38:05.187,-43.38,16.63,-90.68
2021-04-09T08:38:05.250,-42.40,15.91,-90.99
2021-04-09T08:38:05.312,-42.33,15.70,-90.82
2021-04-09T08:38:05.375,-41.55,14.90,-90.82
2021-04-09T08:38:05.437,-41.44,14.72,-90.73
2021-04-09T08:38:05.500,-41.28,14.70,-90.90
2021-04-09T08:38:05.562,-41.72,14.90,-90.59
2021-04-09T08:38:05.625,-41.03,14.34,-90.79
2021-04-09T08:38:05.687,-40.87,14.37,-91.03
2021-04-09T08:38:05.750,-40.64,13.90,-90.77
2021-04-09T08:38:05.812,-40.74,14.04,-90.80
2021-04-09T08:38:05.875,-40.85,14.22,-90.89
2021-04-09T08:38:05.937,-40.99,14.29,-90.79
2021-04-09T08:38:06.000,-40.82,14.22,-90.92
2021-04-09T08:38:06.062,-41.44,14.47,-90.42
2021-04-09T08:38:06.125,-41.08,14.45,-90.86
2021-04-09T08:38:06.187,-41.07,14.38,-90.79
2021-04-09T08:38:06.250,-40.99,14.34,-90.84
2021-04-09T08:38:06.312,-40.83,14.18,-90.86
2021-04-09T08:38:06.375,-40.87,14.23,-90.87
2021-04-09T08:38:06.437,-40.78,14.10,-90.84
2021-04-09T08:38:06.500,-41.10,14.08,-90.39
2021-04-09T08:38:06.562,-40.43,13.70,-90.80
2021-04-09T08:38:06.625,-40.26,13.64,-90.96
2021-04-09T08:38:06.687,-39.97,13.32,-90.96
2021-04-09T08:38:06.750,-39.73,12.99,-90.89
2021-04-09T08:38:06.812,-39.87,13.05,-90.78
2021-04-09T08:38:06.875,-39.66,12.85,-90.83
2021-04-09T08:38:06.937,-39.64,12.82,-90.81
2021-04-09T08:38:07.000,-39.58,12.72,-90.78
2021-04-09T08:38:07.062,-39.49,12.67,-90.84
2021-04-09T08:38:07.125,-39.60,12.70,-90.74
2021-04-09T08:38:07.187,-39.43,12.64,-90.89
2021-04-09T08:38:07.250,-39.50,12.61,-90.76
2021-04-09T08:38:07.312,-39.38,12.50,-90.79
2021-04-09T08:38:07.375,-39.48,12.66,-90.84
2021-04-09T08:38:07.437,-39.45,12.57,-90.78
2021-04-09T08:38:07.500,-39.29,12.42,-90.82
2021-04-09T08:38:07.562,-39.23,12.35,-90.82
2021-04-09T08:38:07.625,-39.37,12.50,-90.81
2021-04-09T08:38:07.687,-39.29,12.35,-90.74
2021-04-09T08:38:07.750,-39.34,12.47,-90.80
2021-04-09T08:38:07.812,-39.37,12.45,-90.76
2021-04-09T08:38:07.875,-39.32,12.41,-90.78
2021-04-09T08:38:07.937,-39.24,12.27,-90.73
2021-04-09T08:38:08.000,-39.08,12.16,-90.80
2021-04-09T08:38:08.062,-39.06,12.07,-90.74
2021-04-09T08:38:08.125,-38.94,12.02,-90.83
2021-04-09T08:38:08.187,-39.04,12.00,-90.69
2021-04-09T08:38:08.250,-38.87,11.98,-90.88
2021-04-09T08:38:08.312,-38.65,11.61,-90.77
2021-04-09T08:38:08.375,-38.79,11.82,-90.81
2021-04-09T08:38:08.437,-38.84,11.86,-90.80
2021-04-09T08:38:08.500,-39.13,12.26,-90.85
2021-04-09T08:38:08.562,-39.05,12.05,-90.74
2021-04-09T08:38:08.625,-38.59,11.58,-90.82
2021-04-09T08:38:08.687,-38.97,12.00,-90.79
2021-04-09T08:38:08.750,-38.91,11.96,-90.82
2021-04-09T08:38:08.812,-39.00,11.99,-90.74
2021-04-09T08:38:08.875,-38.92,11.82,-90.66
2021-04-09T08:38:08.937,-38.80,11.92,-90.90
2021-04-09T08:38:09.000,-38.99,12.00,-90.75
2021-04-09T08:38:09.062,-38.71,11.71,-90.80
2021-04-09T08:38:09.125,-38.56,11.52,-90.80
2021-04-09T08:38:09.187,-38.46,11.36,-90.77
2021-04-09T08:38:09.250,-38.51,11.46,-90.80
2021-04-09T08:38:09.312,-38.48,11.47,-90.84
2021-04-09T08:38:09.375,-38.61,11.49,-90.70
2021-04-09T08:38:09.437,-38.56,11.51,-90.78
2021-04-09T08:38:09.500,-38.57,11.43,-90.69
2021-04-09T08:38:09.562,-38.47,11.43,-90.81
2021-04-09T08:38:09.625,-38.55,11.46,-90.75
2021-04-09T08:38:09.687,-38.65,11.57,-90.74
2021-04-09T08:38:09.750,-38.68,11.60,-90.72
2021-04-09T08:38:09.812,-38.82,11.88,-90.83
2021-04-09T08:38:09.875,-38.71,11.74,-90.83
2021-04-09T08:38:09.937,-38.66,11.63,-90.79
2021-04-09T08:38:10.000,-38.67,11.60,-90.74
2021-04-09T08:38:10.062,-38.41,11.29,-90.75
2021-04-09T08:38:10.125,-38.68,11.60,-90.72
2021-04-09T08:38:10.187,-38.46,11.37,-90.77
2021-04-09T08:38:10.250,-38.58,11.53,-90.78
2021-04-09T08:38:10.312,-38.57,11.54,-90.80
2021-04-09T08:38:10.375,-38.41,11.32,-90.78
2021-04-09T08:38:10.437,-38.55,11.53,-90.81
2021-04-09T08:38:10.500,-38.23,11.12,-90.79
2021-04-09T08:38:10.562,-38.56,11.53,-90.80
2021-04-09T08:38:10.625,-38.46,11.36,-90.75
2021-04-09T08:38:10.687,-38.62,11.55,-90.75
2021-04-09T08:38:10.750,-38.51,11.40,-90.73
2021-04-09T08:38:10.812,-38.32,11.20,-90.76
2021-04-09T08:38:10.875,-38.31,11.22,-90.80
2021-04-09T08:38:10.937,-38.47,11.29,-90.67
2021-04-09T08:38:11.000,-38.39,11.31,-90.80
2021-04-09T08:38:11.062,-38.41,11.33,-90.78
2021-04-09T08:38:11.125,-38.47,11.39,-90.76
2021-04-09T08:38:11.187,-38.30,11.27,-90.86
2021-04-09T08:38:11.250,-38.54,11.37,-90.67
2021-04-09T08:38:11.312,-38.40,11.27,-90.73
2021-04-09T08:38:11.375,-38.50,11.42,-90.77
2021-04-09T08:38:11.437,-38.72,11.76,-90.85
2021-04-09T08:38:11.500,-38.77,11.68,-90.70
2021-04-09T08:38:11.562,-38.57,11.55,-90.81
2021-04-09T08:38:11.625,-38.84,11.78,-90.72
2021-04-09T08:38:11.687,-38.34,11.22,-90.76
2021-04-09T08:38:11.750,-38.68,11.56,-90.69
2021-04-09T08:38:11.812,-38.43,11.39,-90.81
2021-04-09T08:38:11.875,-38.66,11.58,-90.73
2021-04-09T08:38:11.937,-38.30,11.22,-90.81
2021-04-09T08:38:12.000,-38.28,11.16,-90.78
2021-04-09T08:38:12.062,-38.45,11.50,-90.91
2021-04-09T08:38:12.125,-38.32,11.23,-90.79
2021-04-09T08:38:12.187,-38.53,11.49,-90.80
2021-04-09T08:38:12.250,-38.63,11.49,-90.67
2021-04-09T08:38:12.312,-38.43,11.28,-90.72
2021-04-09T08:38:12.375,-38.56,11.51,-90.78
2021-04-09T08:38:12.437,-38.65,11.53,-90.69
2021-04-09T08:38:12.500,-38.74,11.74,-90.80
2021-04-09T08:38:12.562,-38.50,11.36,-90.72
2021-04-09T08:38:12.625,-38.41,11.37,-90.83
2021-04-09T08:38:12.687,-38.56,11.45,-90.73
2021-04-09T08:38:12.750,-38.53,11.37,-90.69
2021-04-09T08:38:12.812,-38.56,11.43,-90.70
2021-04-09T08:38:12.875,-38.60,11.51,-90.73
2021-04-09T08:38:12.937,-38.55,11.51,-90.80
2021-04-09T08:38:13.000,-38.67,11.64,-90.78
2021-04-09T08:38:13.062,-38.50,11.40,-90.75
2021-04-09T08:38:13.125,-38.56,11.56,-90.83
2021-04-09T08:38:13.187,-38.70,11.65,-90.75
2021-04-09T08:38:13.250,-38.62,11.65,-90.85
2021-04-09T08:38:13.312,-38.60,11.46,-90.69
2021-04-09T08:38:13.375,-38.71,11.65,-90.73
2021-04-09T08:38:13.437,-38.62,11.60,-90.80
2021-04-09T08:38:13.500,-38.65,11.52,-90.68
2021-04-09T08:38:13.562,-38.69,11.64,-90.75
2021-04-09T08:38:13.625,-38.63,11.56,-90.75
2021-04-09T08:38:13.687,-38.74,11.62,-90.67
2021-04-09T08:38:13.750,-38.58,11.58,-90.83
2021-04-09T08:38:13.812,-38.57,11.54,-90.80
2021-04-09T08:38:13.875,-38.56,11.51,-90.78
2021-04-09T08:38:13.937,-38.45,11.32,-90.73
2021-04-09T08:38:14.000,-38.59,11.46,-90.70
2021-04-09T08:38:14.062,-38.48,11.32,-90.69
2021-04-09T08:38:14.125,-38.41,11.29,-90.75
2021-04-09T08:38:14.187,-38.40,11.34,-90.81
2021-04-09T08:38:14.250,-38.44,11.33,-90.75
2021-04-09T08:38:14.312,-38.24,11.17,-90.84
2021-04-09T08:38:14.375,-38.53,11.33,-90.64
2021-04-09T08:38:14.437,-38.47,11.36,-90.74
2021-04-09T08:38:14.500,-38.71,11.62,-90.70
2021-04-09T08:38:14.562,-38.47,11.39,-90.77
2021-04-09T08:38:14.625,-38.64,11.56,-90.73
2021-04-09T08:38:14.687,-38.49,11.39,-90.75
2021-04-09T08:38:14.750,-38.39,11.23,-90.72
2021-04-09T08:38:14.812,-38.33,11.29,-90.84
2021-04-09T08:38:14.875,-38.40,11.26,-90.73
2021-04-09T08:38:14.937,-38.42,11.27,-90.72
2021-04-09T08:38:15.000,-38.27,11.13,-90.76
2021-04-09T08:38:15.062,-38.32,11.25,-90.83
2021-04-09T08:38:15.125,-38.34,11.16,-90.70
2021-04-09T08:38:15.187,-38.38,11.29,-90.78
2021-04-09T08:38:15.250,-38.39,11.24,-90.73
2021-04-09T08:38:15.312,-38.33,11.20,-90.76
2021-04-09T08:38:15.375,-38.35,11.25,-90.78
2021-04-09T08:38:15.437,-38.40,11.18,-90.65
2021-04-09T08:38:15.500,-38.24,11.07,-90.73
2021-04-09T08:38:15.562,-38.33,11.19,-90.75
2021-04-09T08:38:15.625,-38.41,11.34,-90.79
2021-04-09T08:38:15.687,-38.32,11.24,-90.81
2021-04-09T08:38:15.750,-38.44,11.31,-90.73
2021-04-09T08:38:15.812,-38.33,11.14,-90.70
2021-04-09T08:38:15.875,-38.47,11.30,-90.68
2021-04-09T08:38:15.937,-38.15,10.99,-90.78
2021-04-09T08:38:16.000,-38.21,11.04,-90.75
2021-04-09T08:38:16.062,-37.99,10.80,-90.78
2021-04-09T08:38:16.125,-38.10,10.93,-90.78
2021-04-09T08:38:16.187,-38.25,11.06,-90.71
2021-04-09T08:38:16.250,-38.35,11.29,-90.83
2021-04-09T08:38:16.312,-38.36,11.26,-90.78
2021-04-09T08:38:16.375,-38.39,11.26,-90.75
2021-04-09T08:38:16.437,-38.27,11.09,-90.72
2021-04-09T08:38:16.500,-38.47,11.32,-90.70
2021-04-09T08:38:16.562,-38.42,11.29,-90.73
2021-04-09T08:38:16.625,-38.40,11.37,-90.84
2021-04-09T08:38:16.687,-38.28,11.16,-90.78
2021-04-09T08:38:16.750,-38.42,11.34,-90.78
2021-04-09T08:38:16.812,-38.66,11.66,-90.82
2021-04-09T08:38:16.875,-38.36,11.25,-90.76
2021-04-09T08:38:16.937,-38.46,11.38,-90.78
2021-04-09T08:38:17.000,-38.64,11.48,-90.66
2021-04-09T08:38:17.062,-39.37,12.48,-90.79
2021-04-09T08:38:17.125,-40.11,13.32,-90.78
2021-04-09T08:38:17.187,-41.14,14.51,-90.86
2021-04-09T08:38:17.250,-40.73,14.02,-90.80
2021-04-09T08:38:17.312,-37.08,9.56,-90.72
2021-04-09T08:38:17.375,-36.24,8.29,-90.63
2021-04-09T08:38:17.437,-40.84,13.95,-90.58
2021-04-09T08:38:17.500,-39.75,12.97,-90.84
2021-04-09T08:38:17.562,-39.95,13.20,-90.86
2021-04-09T08:38:17.625,-45.72,18.57,-90.37
2021-04-09T08:38:17.687,-48.92,21.64,-91.14
2021-04-09T08:38:17.750,-45.43,20.49,-93.70
2021-04-09T08:38:17.812,-50.89,22.32,-89.53
2021-04-09T08:38:17.875,-46.78,20.74,-92.45
2021-04-09T08:38:17.937,-47.79,21.13,-91.78
2021-04-09T08:38:18.000,-48.24,20.13,-89.37
2021-04-09T08:38:18.062,-53.51,24.30,-89.73
2021-04-09T08:38:18.125,-64.39,30.73,-88.91
2021-04-09T08:38:18.187,-61.60,29.14,-88.84
2021-04-09T08:38:18.250,-107.83,50.03,-90.34
2021-04-09T08:38:18.312,-124.30,53.45,-96.68
2021-04-09T08:38:18.375,-91.47,41.85,-94.44
2021-04-09T08:38:18.437,-105.88,48.55,-91.48
2021-04-09T08:38:18.500,-143.27,66.73,-96.34
2021-04-09T08:38:18.562,-154.68,59.32,-107.72
2021-04-09T08:38:18.625,-101.53,80.13,-49.11
2021-04-09T08:38:18.687,-160.29,77.65,-103.62
2021-04-09T08:38:18.750,-146.01,68.81,-96.91
2021-04-09T08:38:18.812,-140.11,70.78,-91.23
2021-04-09T08:38:18.875,-170.71,84.55,-111.07
2021-04-09T08:38:18.937,-178.72,88.65,-118.36
2021-04-09T08:38:19.000,25.10,60.51,92.36
2021-04-09T08:38:19.062,27.79,57.98,96.17
2021-04-09T08:38:19.125,37.58,44.32,111.35
2021-04-09T08:38:19.187,45.46,-2.17,112.03
2021-04-09T08:38:19.250,19.86,-15.48,70.88
2021-04-09T08:38:19.312,44.05,-23.50,80.49
2021-04-09T08:38:19.375,38.29,-9.38,90.98
2021-04-09T08:38:19.437,39.38,-10.62,91.19
2021-04-09T08:38:19.500,38.92,-10.30,90.91
2021-04-09T08:38:19.562,38.56,-9.59,91.14
2021-04-09T08:38:19.625,39.07,-10.68,90.72
2021-04-09T08:38:19.687,38.48,-9.52,91.10
2021-04-09T08:38:19.750,55.02,-24.77,91.84
2021-04-09T08:38:19.812,39.45,-14.74,86.86
2021-04-09T08:38:19.875,40.87,5.04,107.88
2021-04-09T08:38:19.937,25.94,21.10,91.16
2021-04-09T08:38:20.000,34.43,45.87,106.51
2021-04-09T08:38:20.062,29.64,53.63,99.12
2021-04-09T08:38:20.125,62.62,62.05,141.37
2021-04-09T08:38:20.187,76.93,59.75,161.97
2021-04-09T08:38:20.250,67.53,45.74,162.56
2021-04-09T08:38:20.312,73.62,47.33,171.53
2021-04-09T08:38:20.375,75.41,51.83,168.49
2021-04-09T08:38:20.437,67.56,46.69,161.54
2021-04-09T08:38:20.500,62.14,45.74,152.56
2021-04-09T08:38:20.562,60.80,42.47,152.81
2021-04-09T08:38:20.625,59.19,40.76,150.94
2021-04-09T08:38:20.687,63.33,41.07,159.49
2021-04-09T08:38:20.750,64.32,48.95,153.61
2021-04-09T08:38:20.812,65.02,55.54,149.30
2021-04-09T08:38:20.875,61.61,57.86,142.76
2021-04-09T08:38:20.937,51.79,52.97,131.10
2021-04-09T08:38:21.000,55.11,53.79,135.71
2021-04-09T08:38:21.062,61.06,52.92,145.28
2021-04-09T08:38:21.125,55.04,50.17,137.46
2021-04-09T08:38:21.187,53.65,58.05,131.47
2021-04-09T08:38:21.250,57.93,51.18,141.50
2021-04-09T08:38:21.312,58.04,57.53,137.92
2021-04-09T08:38:21.375,57.72,56.15,138.27
2021-04-09T08:38:21.437,60.46,57.20,141.56
2021-04-09T08:38:21.500,61.64,56.46,143.75
2021-04-09T08:38:21.562,55.22,55.48,135.00
2021-04-09T08:38:21.625,55.66,53.92,136.46
2021-04-09T08:38:21.687,53.44,56.09,132.11
2021-04-09T08:38:21.750,57.44,56.11,137.88
2021-04-09T08:38:21.812,55.35,56.10,134.86
2021-04-09T08:38:21.875,54.38,56.50,133.26
2021-04-09T08:38:21.937,52.23,53.15,131.68
2021-04-09T08:38:22.000,52.57,55.02,131.34
2021-04-09T08:38:22.062,53.46,56.00,132.19
2021-04-09T08:38:22.125,53.57,54.74,132.95
2021-04-09T08:38:22.187,63.20,54.99,147.05
2021-04-09T08:38:22.250,60.78,53.89,144.19
2021-04-09T08:38:22.312,51.95,53.17,131.25
2021-04-09T08:38:22.375,53.67,53.74,133.56
2021-04-09T08:38:22.437,52.72,53.54,132.24
2021-04-09T08:38:22.500,54.38,54.21,134.40
2021-04-09T08:38:22.562,53.51,56.24,132.14
2021-04-09T08:38:22.625,50.36,56.47,127.52
2021-04-09T08:38:22.687,52.14,57.37,129.66
2021-04-09T08:38:22.750,52.52,57.34,130.22
2021-04-09T08:38:22.812,53.77,57.94,131.68
2021-04-09T08:38:22.875,16.61,66.25,80.95
2021-04-09T08:38:22.937,59.25,56.39,140.33
2021-04-09T08:38:23.000,50.99,51.95,130.30
2021-04-09T08:38:23.062,53.44,57.78,131.30
2021-04-09T08:38:23.125,29.78,55.83,99.08
2021-04-09T08:38:23.187,31.63,51.17,102.10
2021-04-09T08:38:23.250,52.99,60.53,129.36
2021-04-09T08:38:23.312,81.55,69.23,158.70
2021-04-09T08:38:23.375,42.82,65.48,114.05
2021-04-09T08:38:23.437,34.23,73.83,100.80
2021-04-09T08:38:23.500,27.27,77.00,91.78
2021-04-09T08:38:23.562,28.57,76.89,93.30
2021-04-09T08:38:23.625,18.20,70.39,82.40
2021-04-09T08:38:23.687,6.16,75.36,67.58
2021-04-09T08:38:23.750,43.97,75.61,111.46
2021-04-09T08:38:23.812,37.32,84.39,100.28
2021-04-09T08:38:23.875,27.50,77.94,91.78
2021-04-09T08:38:23.937,27.05,73.91,92.32
2021-04-09T08:38:24.000,27.16,76.33,91.84
2021-04-09T08:38:24.062,26.53,76.56,91.05
2021-04-09T08:38:24.125,27.46,76.54,92.12
2021-04-09T08:38:24.187,26.87,76.53,91.45
2021-04-09T08:38:24.250,27.44,76.47,92.12
2021-04-09T08:38:24.312,26.82,76.54,91.39
2021-04-09T08:38:24.375,27.19,76.42,91.84
2021-04-09T08:38:24.437,27.03,76.65,91.60
2021-04-09T08:38:24.500,27.06,76.38,91.71
2021-04-09T08:38:24.562,26.80,76.66,91.33
2021-04-09T08:38:24.625,27.14,76.46,91.78
2021-04-09T08:38:24.687,27.35,76.57,91.99
2021-04-09T08:38:24.750,26.85,76.44,91.45
2021-04-09T08:38:24.812,27.13,76.59,91.73
2021-04-09T08:38:24.875,27.15,76.48,91.78
2021-04-09T08:38:24.937,26.95,76.59,91.52
2021-04-09T08:38:25.000,27.21,76.49,91.85
2021-04-09T08:38:25.062,27.04,76.50,91.65
2021-04-09T08:38:25.125,27.39,76.68,92.00
2021-04-09T08:38:25.187,27.02,76.43,91.64
2021-04-09T08:38:25.250,27.24,76.60,91.86
2021-04-09T08:38:25.312,27.03,76.65,91.60
2021-04-09T08:38:25.375,26.88,76.36,91.51
2021-04-09T08:38:25.437,26.83,76.79,91.33
2021-04-09T08:38:25.500,26.21,76.40,90.71
2021-04-09T08:38:25.562,27.27,76.67,91.87
2021-04-09T08:38:25.625,26.73,76.44,91.31
2021-04-09T08:38:25.687,26.65,76.57,91.19
2021-04-09T08:38:25.750,27.07,76.60,91.66
2021-04-09T08:38:25.812,26.74,76.48,91.31
2021-04-09T08:38:25.875,26.98,76.68,91.53
2021-04-09T08:38:25.937,26.90,76.41,91.51
